iteration,winner
1,GER
2,FRA
3,FRA
4,GER
5,GER
6,ARG
7,BEL
8,GER
9,FRA
10,SUI
11,GER
12,CRC
13,ENG
14,ARG
15,POR
16,BEL
17,ENG
18,FRA
19,ARG
20,EGY
21,CRO
22,POR
23,ENG
24,RUS
25,ARG
26,POL
27,BRA
28,IRN
29,SUI
30,BRA
31,RUS
32,ENG
33,FRA
34,BRA
35,ARG
36,SUI
37,BRA
38,RUS
39,BEL
40,BRA
41,MEX
42,COL
43,CRO
44,POR
45,BRA
46,BRA
47,FRA
48,GER
49,KSA
50,BRA
51,ARG
52,ENG
53,BRA
54,ESP
55,POR
56,GER
57,ESP
58,BEL
59,RUS
60,POR
61,FRA
62,RUS
63,RUS
64,ENG
65,POL
66,FRA
67,ESP
68,FRA
69,GER
70,MEX
71,ENG
72,COL
73,POR
74,GER
75,ARG
76,CRC
77,TUN
78,BRA
79,ESP
80,BRA
81,ESP
82,ARG
83,RUS
84,GER
85,BRA
86,DEN
87,ENG
88,SUI
89,RUS
90,ARG
91,ARG
92,ENG
93,FRA
94,SUI
95,URU
96,RUS
97,ESP
98,ARG
99,ENG
100,FRA
101,ESP
102,BRA
103,ARG
104,SRB
105,ARG
106,FRA
107,ARG
108,BRA
109,URU
110,ARG
111,BRA
112,CRO
113,DEN
114,RUS
115,ENG
116,ARG
117,GER
118,ARG
119,ENG
120,ARG
121,ENG
122,GER
123,SWE
124,SRB
125,JPN
126,CRO
127,ARG
128,SUI
129,RUS
130,IRN
131,URU
132,GER
133,CRO
134,GER
135,BRA
136,FRA
137,BRA
138,SUI
139,BEL
140,KSA
141,POR
142,URU
143,TUN
144,BRA
145,DEN
146,ENG
147,KOR
148,COL
149,URU
150,COL
151,ARG
152,ESP
153,IRN
154,SUI
155,SRB
156,POR
157,POR
158,RUS
159,ENG
160,GER
161,GER
162,POL
163,DEN
164,ENG
165,POR
166,POR
167,JPN
168,BEL
169,MEX
170,GER
171,KOR
172,RUS
173,BRA
174,BRA
175,ENG
176,CRO
177,ENG
178,MEX
179,GER
180,CRO
181,GER
182,BRA
183,BEL
184,ARG
185,RUS
186,POR
187,RUS
188,RUS
189,GER
190,DEN
191,RUS
192,CRO
193,RUS
194,MEX
195,ARG
196,BRA
197,KSA
198,GER
199,GER
200,BEL
201,RUS
202,ARG
203,ENG
204,FRA
205,GER
206,RUS
207,RUS
208,RUS
209,ARG
210,IRN
211,ARG
212,NGA
213,SWE
214,SWE
215,DEN
216,RUS
217,ENG
218,RUS
219,GER
220,POR
221,FRA
222,BEL
223,FRA
224,RUS
225,DEN
226,DEN
227,ESP
228,ESP
229,GER
230,BRA
231,URU
232,RUS
233,BRA
234,CRO
235,POR
236,BEL
237,ENG
238,GER
239,BRA
240,BRA
241,ESP
242,ESP
243,ESP
244,SRB
245,ENG
246,ENG
247,CRO
248,RUS
249,POR
250,SUI
251,SRB
252,ENG
253,ESP
254,SWE
255,ENG
256,ARG
257,POL
258,ARG
259,POR
260,BRA
261,SUI
262,GER
263,GER
264,BEL
265,ENG
266,RUS
267,GER
268,POR
269,SRB
270,RUS
271,ARG
272,FRA
273,FRA
274,BRA
275,NGA
276,ESP
277,ENG
278,RUS
279,ESP
280,BRA
281,RUS
282,KSA
283,GER
284,ENG
285,GER
286,SUI
287,ESP
288,ESP
289,SUI
290,BRA
291,COL
292,GER
293,IRN
294,ENG
295,GER
296,CRO
297,COL
298,FRA
299,RUS
300,ARG
301,AUS
302,URU
303,KSA
304,RUS
305,RUS
306,RUS
307,AUS
308,POR
309,JPN
310,GER
311,ENG
312,ARG
313,POR
314,ARG
315,ENG
316,IRN
317,GER
318,BEL
319,SUI
320,KOR
321,SRB
322,KSA
323,BRA
324,ARG
325,COL
326,COL
327,SRB
328,GER
329,ENG
330,ENG
331,DEN
332,RUS
333,SUI
334,BRA
335,ARG
336,FRA
337,GER
338,ARG
339,RUS
340,FRA
341,POR
342,GER
343,RUS
344,ARG
345,SUI
346,ENG
347,ENG
348,BRA
349,SRB
350,GER
351,ESP
352,BRA
353,FRA
354,ARG
355,SUI
356,ESP
357,CRO
358,POR
359,ARG
360,ARG
361,ARG
362,ARG
363,POL
364,CRO
365,GER
366,ENG
367,ESP
368,POR
369,BRA
370,POR
371,COL
372,POL
373,COL
374,MEX
375,BEL
376,KOR
377,MEX
378,MEX
379,RUS
380,KOR
381,GER
382,ENG
383,ARG
384,SUI
385,GER
386,CRO
387,GER
388,SUI
389,ENG
390,ARG
391,SUI
392,RUS
393,BRA
394,FRA
395,CRO
396,AUS
397,GER
398,FRA
399,ESP
400,POR
401,FRA
402,COL
403,POR
404,COL
405,BRA
406,ARG
407,BRA
408,ENG
409,ESP
410,BRA
411,SRB
412,DEN
413,ARG
414,BRA
415,BEL
416,FRA
417,FRA
418,GER
419,ENG
420,ARG
421,IRN
422,RUS
423,BRA
424,CRO
425,FRA
426,RUS
427,FRA
428,GER
429,POR
430,KOR
431,ESP
432,COL
433,URU
434,GER
435,RUS
436,URU
437,BRA
438,POR
439,BRA
440,SUI
441,ESP
442,GER
443,ARG
444,SUI
445,BRA
446,SRB
447,RUS
448,URU
449,BRA
450,ESP
451,ARG
452,ENG
453,RUS
454,POR
455,ESP
456,ARG
457,MEX
458,GER
459,ARG
460,BEL
461,ESP
462,ENG
463,BEL
464,RUS
465,SEN
466,GER
467,GER
468,FRA
469,POL
470,BRA
471,FRA
472,ESP
473,ENG
474,RUS
475,FRA
476,KSA
477,ARG
478,GER
479,ARG
480,GER
481,ARG
482,BEL
483,CRO
484,RUS
485,BRA
486,JPN
487,ENG
488,ENG
489,ARG
490,SUI
491,GER
492,BRA
493,CRO
494,POR
495,RUS
496,GER
497,DEN
498,ARG
499,EGY
500,ARG
501,COL
502,CRO
503,BRA
504,PER
505,SWE
506,SUI
507,BRA
508,MEX
509,RUS
510,RUS
511,RUS
512,ARG
513,BRA
514,BRA
515,DEN
516,BRA
517,RUS
518,RUS
519,BRA
520,BEL
521,KOR
522,BRA
523,BRA
524,BEL
525,MEX
526,RUS
527,MAR
528,ARG
529,KOR
530,ARG
531,BRA
532,RUS
533,POR
534,AUS
535,SUI
536,SUI
537,ARG
538,FRA
539,ENG
540,ENG
541,BRA
542,GER
543,POR
544,FRA
545,ARG
546,CRO
547,COL
548,DEN
549,ENG
550,ENG
551,CRO
552,BRA
553,CRC
554,SUI
555,URU
556,SUI
557,POR
558,ENG
559,POR
560,GER
561,POR
562,AUS
563,ARG
564,RUS
565,BEL
566,RUS
567,RUS
568,CRO
569,ARG
570,POR
571,RUS
572,POL
573,SRB
574,BRA
575,ESP
576,RUS
577,GER
578,RUS
579,URU
580,SUI
581,CRO
582,ARG
583,CRO
584,GER
585,GER
586,MEX
587,GER
588,RUS
589,ESP
590,BEL
591,ENG
592,SUI
593,ARG
594,ESP
595,ARG
596,GER
597,ARG
598,POR
599,BRA
600,IRN
601,RUS
602,GER
603,RUS
604,ESP
605,GER
606,ARG
607,ARG
608,FRA
609,BRA
610,BEL
611,RUS
612,SUI
613,ESP
614,DEN
615,BEL
616,ARG
617,DEN
618,DEN
619,DEN
620,ARG
621,POR
622,BRA
623,BRA
624,BRA
625,BEL
626,FRA
627,CRO
628,BRA
629,ENG
630,BRA
631,CRO
632,GER
633,ARG
634,GER
635,MEX
636,ARG
637,SUI
638,GER
639,BEL
640,ARG
641,GER
642,FRA
643,SRB
644,ENG
645,MEX
646,RUS
647,DEN
648,CRC
649,ARG
650,POR
651,POL
652,SUI
653,BEL
654,ARG
655,CRO
656,ESP
657,FRA
658,ARG
659,BRA
660,ENG
661,GER
662,BEL
663,GER
664,CRO
665,URU
666,POR
667,BRA
668,MEX
669,RUS
670,ENG
671,RUS
672,GER
673,POR
674,ENG
675,BEL
676,GER
677,BRA
678,CRO
679,BRA
680,DEN
681,POR
682,GER
683,PAN
684,COL
685,SRB
686,BRA
687,ENG
688,SRB
689,JPN
690,RUS
691,DEN
692,ENG
693,ENG
694,ARG
695,POR
696,POR
697,BRA
698,RUS
699,URU
700,COL
701,RUS
702,GER
703,ENG
704,BRA
705,BRA
706,RUS
707,GER
708,CRO
709,GER
710,BRA
711,BRA
712,POL
713,RUS
714,DEN
715,BRA
716,ARG
717,COL
718,BRA
719,SUI
720,ENG
721,ARG
722,ARG
723,POR
724,GER
725,ENG
726,RUS
727,GER
728,POR
729,POR
730,GER
731,ESP
732,ARG
733,POR
734,DEN
735,RUS
736,ARG
737,GER
738,RUS
739,FRA
740,BRA
741,COL
742,COL
743,FRA
744,GER
745,SUI
746,MAR
747,PAN
748,ARG
749,GER
750,BEL
751,SUI
752,ESP
753,CRO
754,ESP
755,RUS
756,CRC
757,GER
758,BRA
759,ENG
760,DEN
761,IRN
762,SUI
763,BRA
764,ARG
765,URU
766,POR
767,FRA
768,ARG
769,ESP
770,RUS
771,BEL
772,BRA
773,ENG
774,ESP
775,PAN
776,ARG
777,RUS
778,SUI
779,TUN
780,BRA
781,ARG
782,MEX
783,ARG
784,ARG
785,ARG
786,BRA
787,CRO
788,URU
789,BRA
790,ESP
791,FRA
792,FRA
793,ARG
794,DEN
795,URU
796,BRA
797,FRA
798,RUS
799,BRA
800,BRA
801,BRA
802,ESP
803,FRA
804,ESP
805,SRB
806,ARG
807,SUI
808,SUI
809,SWE
810,ESP
811,RUS
812,GER
813,GER
814,FRA
815,IRN
816,GER
817,GER
818,SUI
819,RUS
820,ESP
821,RUS
822,POL
823,ENG
824,FRA
825,RUS
826,CRO
827,FRA
828,BRA
829,FRA
830,BEL
831,BRA
832,BRA
833,ARG
834,FRA
835,ESP
836,BRA
837,RUS
838,FRA
839,FRA
840,ARG
841,BRA
842,ENG
843,GER
844,BEL
845,SUI
846,ENG
847,BRA
848,BRA
849,DEN
850,GER
851,RUS
852,BRA
853,POR
854,BEL
855,BRA
856,RUS
857,CRO
858,CRO
859,GER
860,BRA
861,POR
862,ESP
863,GER
864,CRO
865,FRA
866,FRA
867,FRA
868,BRA
869,POR
870,KOR
871,GER
872,KSA
873,ENG
874,GER
875,ESP
876,CRO
877,CRO
878,POL
879,MEX
880,ARG
881,ARG
882,ESP
883,RUS
884,CRO
885,GER
886,RUS
887,RUS
888,RUS
889,SWE
890,ENG
891,GER
892,RUS
893,DEN
894,ENG
895,MEX
896,GER
897,GER
898,POR
899,AUS
900,ARG
901,RUS
902,GER
903,ENG
904,DEN
905,ENG
906,BEL
907,ARG
908,URU
909,BRA
910,CRO
911,ARG
912,SUI
913,SUI
914,POR
915,GER
916,FRA
917,FRA
918,BRA
919,ENG
920,BRA
921,GER
922,MEX
923,CRO
924,BRA
925,ARG
926,BEL
927,BRA
928,BRA
929,AUS
930,POR
931,RUS
932,BRA
933,GER
934,ARG
935,SUI
936,POL
937,ARG
938,GER
939,GER
940,ESP
941,FRA
942,CRO
943,POR
944,ARG
945,BRA
946,COL
947,CRO
948,ESP
949,ARG
950,ESP
951,DEN
952,ESP
953,BEL
954,TUN
955,SRB
956,SUI
957,BRA
958,ARG
959,RUS
960,BEL
961,BRA
962,SUI
963,POR
964,POR
965,BEL
966,POR
967,BRA
968,ESP
969,KSA
970,ESP
971,COL
972,FRA
973,KSA
974,SWE
975,CRO
976,BRA
977,ARG
978,ENG
979,ARG
980,ESP
981,RUS
982,ESP
983,ARG
984,GER
985,FRA
986,ESP
987,BRA
988,SUI
989,ENG
990,ESP
991,BRA
992,ARG
993,POR
994,GER
995,BRA
996,SRB
997,RUS
998,JPN
999,BEL
1000,MAR
1001,COL
1002,SUI
1003,EGY
1004,IRN
1005,DEN
1006,ENG
1007,ARG
1008,DEN
1009,GER
1010,ESP
1011,ESP
1012,POR
1013,SUI
1014,BRA
1015,RUS
1016,BRA
1017,BRA
1018,POR
1019,COL
1020,CRC
1021,FRA
1022,DEN
1023,DEN
1024,BRA
1025,ENG
1026,POR
1027,FRA
1028,GER
1029,ESP
1030,SUI
1031,BEL
1032,POR
1033,SUI
1034,POL
1035,POR
1036,ENG
1037,GER
1038,ARG
1039,SUI
1040,RUS
1041,ARG
1042,ARG
1043,ENG
1044,BRA
1045,ENG
1046,ARG
1047,RUS
1048,ARG
1049,CRO
1050,ENG
1051,ESP
1052,PER
1053,SUI
1054,ARG
1055,SUI
1056,ESP
1057,COL
1058,GER
1059,SRB
1060,GER
1061,POR
1062,SUI
1063,SRB
1064,BRA
1065,ARG
1066,ARG
1067,ARG
1068,SUI
1069,POL
1070,GER
1071,GER
1072,RUS
1073,GER
1074,POR
1075,RUS
1076,GER
1077,BEL
1078,FRA
1079,BRA
1080,ESP
1081,BRA
1082,ARG
1083,ESP
1084,SUI
1085,ARG
1086,BRA
1087,URU
1088,RUS
1089,GER
1090,ENG
1091,RUS
1092,RUS
1093,BRA
1094,KSA
1095,RUS
1096,GER
1097,SUI
1098,ARG
1099,SUI
1100,POR
1101,CRC
1102,POR
1103,SRB
1104,SUI
1105,SRB
1106,ARG
1107,COL
1108,BRA
1109,BRA
1110,POR
1111,BRA
1112,CRC
1113,BRA
1114,RUS
1115,ESP
1116,GER
1117,BRA
1118,RUS
1119,CRO
1120,CRO
1121,ENG
1122,GER
1123,GER
1124,GER
1125,BRA
1126,GER
1127,ISL
1128,ENG
1129,DEN
1130,BEL
1131,GER
1132,FRA
1133,ARG
1134,BRA
1135,ENG
1136,DEN
1137,SRB
1138,GER
1139,FRA
1140,BEL
1141,SUI
1142,RUS
1143,ENG
1144,ARG
1145,POR
1146,FRA
1147,POL
1148,ARG
1149,ENG
1150,RUS
1151,ARG
1152,RUS
1153,ARG
1154,ARG
1155,POR
1156,ARG
1157,BRA
1158,DEN
1159,GER
1160,URU
1161,POR
1162,RUS
1163,POR
1164,GER
1165,ENG
1166,BEL
1167,GER
1168,ARG
1169,POL
1170,ESP
1171,URU
1172,BRA
1173,ENG
1174,SWE
1175,BRA
1176,RUS
1177,BRA
1178,GER
1179,MEX
1180,BRA
1181,ARG
1182,ENG
1183,JPN
1184,SRB
1185,DEN
1186,AUS
1187,ARG
1188,POR
1189,COL
1190,RUS
1191,ARG
1192,BRA
1193,GER
1194,CRO
1195,ARG
1196,SRB
1197,POL
1198,KOR
1199,RUS
1200,SUI
1201,ENG
1202,GER
1203,GER
1204,RUS
1205,ARG
1206,MEX
1207,RUS
1208,ENG
1209,CRO
1210,BRA
1211,POR
1212,SUI
1213,BRA
1214,SUI
1215,FRA
1216,GER
1217,ENG
1218,FRA
1219,BRA
1220,RUS
1221,BEL
1222,DEN
1223,RUS
1224,IRN
1225,BRA
1226,GER
1227,POR
1228,DEN
1229,POR
1230,SUI
1231,RUS
1232,RUS
1233,FRA
1234,BRA
1235,BRA
1236,POL
1237,GER
1238,GER
1239,BEL
1240,GER
1241,POR
1242,ENG
1243,GER
1244,GER
1245,SRB
1246,FRA
1247,CRO
1248,FRA
1249,IRN
1250,SUI
1251,GER
1252,GER
1253,ENG
1254,GER
1255,SUI
1256,FRA
1257,FRA
1258,CRO
1259,POR
1260,FRA
1261,FRA
1262,ENG
1263,AUS
1264,POR
1265,COL
1266,POR
1267,BRA
1268,DEN
1269,ESP
1270,POR
1271,GER
1272,BRA
1273,POL
1274,SUI
1275,FRA
1276,FRA
1277,ENG
1278,ENG
1279,RUS
1280,ARG
1281,DEN
1282,ARG
1283,MEX
1284,JPN
1285,BRA
1286,BRA
1287,CRO
1288,URU
1289,POL
1290,KOR
1291,ARG
1292,ARG
1293,GER
1294,URU
1295,GER
1296,RUS
1297,ESP
1298,BRA
1299,ARG
1300,KSA
1301,GER
1302,IRN
1303,POR
1304,POR
1305,ENG
1306,ESP
1307,GER
1308,GER
1309,IRN
1310,RUS
1311,SUI
1312,SUI
1313,POR
1314,SUI
1315,SUI
1316,BRA
1317,ARG
1318,ESP
1319,SUI
1320,GER
1321,ESP
1322,BRA
1323,ARG
1324,ARG
1325,ENG
1326,GER
1327,BRA
1328,POR
1329,ARG
1330,BEL
1331,RUS
1332,ENG
1333,DEN
1334,RUS
1335,ARG
1336,FRA
1337,ENG
1338,BEL
1339,ENG
1340,GER
1341,SWE
1342,BEL
1343,ARG
1344,DEN
1345,BEL
1346,ESP
1347,BRA
1348,GER
1349,FRA
1350,ARG
1351,SUI
1352,GER
1353,BRA
1354,SRB
1355,GER
1356,ARG
1357,SWE
1358,BRA
1359,SWE
1360,AUS
1361,ARG
1362,ESP
1363,GER
1364,SUI
1365,ENG
1366,ENG
1367,ARG
1368,RUS
1369,SUI
1370,ESP
1371,ENG
1372,JPN
1373,SUI
1374,BRA
1375,ENG
1376,CRO
1377,GER
1378,KOR
1379,ESP
1380,SRB
1381,GER
1382,RUS
1383,GER
1384,RUS
1385,ESP
1386,BRA
1387,IRN
1388,ENG
1389,ARG
1390,FRA
1391,FRA
1392,ARG
1393,BRA
1394,PER
1395,CRO
1396,GER
1397,ARG
1398,BRA
1399,FRA
1400,POR
1401,ARG
1402,COL
1403,FRA
1404,FRA
1405,BRA
1406,KSA
1407,POR
1408,CRO
1409,FRA
1410,BRA
1411,ESP
1412,BRA
1413,ENG
1414,FRA
1415,ESP
1416,ENG
1417,POR
1418,POR
1419,RUS
1420,DEN
1421,POR
1422,ARG
1423,ARG
1424,POR
1425,RUS
1426,ARG
1427,SWE
1428,ENG
1429,RUS
1430,GER
1431,SUI
1432,CRO
1433,BEL
1434,URU
1435,GER
1436,ARG
1437,ESP
1438,FRA
1439,ARG
1440,GER
1441,GER
1442,BRA
1443,SUI
1444,BRA
1445,ENG
1446,FRA
1447,FRA
1448,SRB
1449,BRA
1450,RUS
1451,SUI
1452,SUI
1453,BEL
1454,ENG
1455,BRA
1456,GER
1457,ENG
1458,ARG
1459,ARG
1460,FRA
1461,FRA
1462,ARG
1463,BEL
1464,POR
1465,ENG
1466,ESP
1467,SWE
1468,ESP
1469,FRA
1470,CRO
1471,ESP
1472,FRA
1473,FRA
1474,RUS
1475,FRA
1476,TUN
1477,SUI
1478,ARG
1479,ESP
1480,POR
1481,SUI
1482,RUS
1483,BRA
1484,SUI
1485,RUS
1486,FRA
1487,GER
1488,ESP
1489,COL
1490,GER
1491,POR
1492,FRA
1493,CRC
1494,FRA
1495,FRA
1496,CRO
1497,GER
1498,ARG
1499,CRO
1500,ENG
1501,FRA
1502,ESP
1503,RUS
1504,MEX
1505,GER
1506,ESP
1507,BRA
1508,FRA
1509,ESP
1510,FRA
1511,SRB
1512,SRB
1513,POL
1514,ESP
1515,GER
1516,POL
1517,RUS
1518,CRO
1519,POL
1520,GER
1521,RUS
1522,POR
1523,BEL
1524,JPN
1525,POR
1526,SUI
1527,SWE
1528,KSA
1529,URU
1530,GER
1531,ENG
1532,ARG
1533,RUS
1534,GER
1535,BRA
1536,ARG
1537,POR
1538,SRB
1539,PAN
1540,ENG
1541,GER
1542,ENG
1543,POR
1544,RUS
1545,BRA
1546,MEX
1547,ESP
1548,BRA
1549,RUS
1550,FRA
1551,SWE
1552,CRO
1553,BEL
1554,RUS
1555,ESP
1556,GER
1557,ENG
1558,ARG
1559,COL
1560,ESP
1561,MEX
1562,ARG
1563,BEL
1564,SUI
1565,RUS
1566,SWE
1567,FRA
1568,POR
1569,ENG
1570,MEX
1571,BRA
1572,AUS
1573,CRC
1574,IRN
1575,GER
1576,ESP
1577,CRO
1578,RUS
1579,DEN
1580,RUS
1581,BRA
1582,ENG
1583,CRO
1584,BRA
1585,BRA
1586,ARG
1587,KOR
1588,SUI
1589,SRB
1590,BEL
1591,BRA
1592,COL
1593,CRO
1594,FRA
1595,ENG
1596,BRA
1597,SRB
1598,BRA
1599,ARG
1600,BRA
1601,ARG
1602,BEL
1603,ARG
1604,RUS
1605,DEN
1606,GER
1607,RUS
1608,RUS
1609,RUS
1610,ARG
1611,GER
1612,MAR
1613,BRA
1614,GER
1615,BRA
1616,FRA
1617,RUS
1618,FRA
1619,FRA
1620,BRA
1621,RUS
1622,CRC
1623,BRA
1624,BEL
1625,BRA
1626,PAN
1627,DEN
1628,RUS
1629,ARG
1630,RUS
1631,IRN
1632,RUS
1633,RUS
1634,MEX
1635,RUS
1636,POR
1637,AUS
1638,DEN
1639,SUI
1640,ARG
1641,DEN
1642,ENG
1643,SRB
1644,NGA
1645,ARG
1646,ARG
1647,CRO
1648,SUI
1649,BRA
1650,POR
1651,RUS
1652,BRA
1653,GER
1654,GER
1655,MEX
1656,ENG
1657,POR
1658,POR
1659,POR
1660,GER
1661,BRA
1662,ESP
1663,BRA
1664,ESP
1665,FRA
1666,COL
1667,BRA
1668,BRA
1669,SUI
1670,ARG
1671,ENG
1672,RUS
1673,POR
1674,POR
1675,ARG
1676,FRA
1677,SUI
1678,ESP
1679,BEL
1680,BRA
1681,RUS
1682,ARG
1683,GER
1684,RUS
1685,ARG
1686,ESP
1687,RUS
1688,KSA
1689,GER
1690,POR
1691,BRA
1692,CRO
1693,BRA
1694,FRA
1695,FRA
1696,RUS
1697,ARG
1698,SWE
1699,ESP
1700,ARG
1701,SUI
1702,GER
1703,POR
1704,GER
1705,BRA
1706,BRA
1707,BRA
1708,GER
1709,BEL
1710,RUS
1711,ENG
1712,IRN
1713,RUS
1714,CRO
1715,ESP
1716,URU
1717,GER
1718,URU
1719,ESP
1720,ESP
1721,FRA
1722,ENG
1723,RUS
1724,FRA
1725,ENG
1726,RUS
1727,BRA
1728,ARG
1729,GER
1730,ISL
1731,SWE
1732,POL
1733,GER
1734,ESP
1735,SUI
1736,BRA
1737,ENG
1738,ESP
1739,BEL
1740,SWE
1741,GER
1742,POL
1743,ARG
1744,POR
1745,BRA
1746,ENG
1747,CRO
1748,BRA
1749,ARG
1750,BEL
1751,CRC
1752,GER
1753,KSA
1754,BRA
1755,ESP
1756,FRA
1757,ENG
1758,BEL
1759,JPN
1760,ENG
1761,ENG
1762,BEL
1763,CRO
1764,KSA
1765,RUS
1766,SRB
1767,POR
1768,BRA
1769,ARG
1770,ARG
1771,POR
1772,BRA
1773,ESP
1774,BRA
1775,JPN
1776,BRA
1777,DEN
1778,SUI
1779,BEL
1780,RUS
1781,RUS
1782,SUI
1783,ARG
1784,GER
1785,POL
1786,PAN
1787,RUS
1788,SUI
1789,ESP
1790,ARG
1791,ESP
1792,ENG
1793,PER
1794,POL
1795,ARG
1796,BRA
1797,CRC
1798,RUS
1799,GER
1800,DEN
1801,ARG
1802,GER
1803,ARG
1804,POR
1805,CRO
1806,FRA
1807,BRA
1808,GER
1809,DEN
1810,POL
1811,RUS
1812,BRA
1813,GER
1814,COL
1815,ARG
1816,COL
1817,POL
1818,ARG
1819,RUS
1820,TUN
1821,BRA
1822,BRA
1823,ESP
1824,DEN
1825,BRA
1826,ENG
1827,MEX
1828,GER
1829,GER
1830,MEX
1831,BRA
1832,SRB
1833,ENG
1834,RUS
1835,BRA
1836,SRB
1837,SUI
1838,ENG
1839,ARG
1840,RUS
1841,POR
1842,GER
1843,GER
1844,BRA
1845,MEX
1846,ESP
1847,BRA
1848,ARG
1849,GER
1850,GER
1851,SRB
1852,FRA
1853,POR
1854,ARG
1855,TUN
1856,ARG
1857,MEX
1858,RUS
1859,ARG
1860,URU
1861,SUI
1862,GER
1863,GER
1864,SUI
1865,BRA
1866,RUS
1867,SUI
1868,ARG
1869,ENG
1870,GER
1871,CRC
1872,ESP
1873,GER
1874,NGA
1875,CRC
1876,ENG
1877,RUS
1878,ESP
1879,ARG
1880,BRA
1881,RUS
1882,ESP
1883,BEL
1884,GER
1885,COL
1886,BRA
1887,MEX
1888,ENG
1889,DEN
1890,ARG
1891,BRA
1892,ARG
1893,POR
1894,FRA
1895,SUI
1896,BRA
1897,ARG
1898,FRA
1899,POR
1900,BEL
1901,BRA
1902,COL
1903,GER
1904,POR
1905,POR
1906,ARG
1907,ENG
1908,ARG
1909,ENG
1910,BEL
1911,BRA
1912,BEL
1913,POR
1914,FRA
1915,ARG
1916,URU
1917,SWE
1918,BRA
1919,ENG
1920,RUS
1921,COL
1922,POR
1923,FRA
1924,RUS
1925,DEN
1926,ESP
1927,RUS
1928,COL
1929,ARG
1930,DEN
1931,SUI
1932,BRA
1933,DEN
1934,SUI
1935,GER
1936,FRA
1937,ENG
1938,RUS
1939,SUI
1940,POR
1941,BEL
1942,ARG
1943,GER
1944,GER
1945,ARG
1946,ARG
1947,MEX
1948,BRA
1949,ENG
1950,ESP
1951,BRA
1952,FRA
1953,JPN
1954,TUN
1955,SUI
1956,RUS
1957,COL
1958,BRA
1959,POR
1960,ESP
1961,ARG
1962,POR
1963,RUS
1964,ENG
1965,GER
1966,DEN
1967,POR
1968,BRA
1969,ENG
1970,RUS
1971,BEL
1972,NGA
1973,RUS
1974,URU
1975,ENG
1976,BRA
1977,ARG
1978,POR
1979,GER
1980,BRA
1981,SUI
1982,POR
1983,RUS
1984,SWE
1985,BRA
1986,SRB
1987,GER
1988,POR
1989,ARG
1990,DEN
1991,FRA
1992,ARG
1993,GER
1994,GER
1995,CRO
1996,SUI
1997,BRA
1998,POR
1999,POR
2000,ESP
2001,ENG
2002,RUS
2003,RUS
2004,BRA
2005,SUI
2006,POR
2007,BEL
2008,POR
2009,BRA
2010,ISL
2011,POR
2012,ESP
2013,ARG
2014,FRA
2015,ARG
2016,BRA
2017,GER
2018,FRA
2019,FRA
2020,KOR
2021,RUS
2022,POR
2023,ESP
2024,COL
2025,POR
2026,POR
2027,ARG
2028,POR
2029,FRA
2030,MEX
2031,ESP
2032,ARG
2033,POR
2034,POR
2035,ENG
2036,SUI
2037,RUS
2038,BRA
2039,BRA
2040,ARG
2041,GER
2042,FRA
2043,RUS
2044,BRA
2045,SUI
2046,BRA
2047,ARG
2048,RUS
2049,ARG
2050,BRA
2051,SUI
2052,BRA
2053,POR
2054,URU
2055,GER
2056,GER
2057,RUS
2058,SUI
2059,CRO
2060,MEX
2061,BEL
2062,POR
2063,ENG
2064,ENG
2065,BEL
2066,IRN
2067,ESP
2068,BEL
2069,POR
2070,SUI
2071,ESP
2072,BRA
2073,FRA
2074,FRA
2075,FRA
2076,RUS
2077,SUI
2078,BRA
2079,BRA
2080,BEL
2081,BRA
2082,POR
2083,RUS
2084,AUS
2085,BRA
2086,ARG
2087,CRO
2088,ESP
2089,RUS
2090,COL
2091,CRO
2092,SUI
2093,ESP
2094,SUI
2095,URU
2096,POR
2097,ARG
2098,ARG
2099,JPN
2100,BRA
2101,POR
2102,BRA
2103,CRC
2104,ARG
2105,ESP
2106,POR
2107,DEN
2108,SUI
2109,BRA
2110,SUI
2111,GER
2112,ESP
2113,POR
2114,FRA
2115,ESP
2116,BRA
2117,ENG
2118,BRA
2119,DEN
2120,KOR
2121,GER
2122,KOR
2123,ENG
2124,ARG
2125,RUS
2126,JPN
2127,CRO
2128,ENG
2129,FRA
2130,ESP
2131,RUS
2132,ARG
2133,ENG
2134,GER
2135,IRN
2136,RUS
2137,KOR
2138,BRA
2139,GER
2140,ARG
2141,RUS
2142,ESP
2143,SUI
2144,ARG
2145,POR
2146,RUS
2147,NGA
2148,ENG
2149,BRA
2150,GER
2151,ESP
2152,GER
2153,PAN
2154,RUS
2155,FRA
2156,RUS
2157,ENG
2158,ESP
2159,CRO
2160,BEL
2161,URU
2162,ESP
2163,ARG
2164,RUS
2165,ESP
2166,TUN
2167,ENG
2168,TUN
2169,ENG
2170,BRA
2171,ARG
2172,URU
2173,BEL
2174,GER
2175,DEN
2176,ARG
2177,ENG
2178,RUS
2179,PAN
2180,RUS
2181,GER
2182,ARG
2183,FRA
2184,ESP
2185,DEN
2186,FRA
2187,ARG
2188,SUI
2189,FRA
2190,ARG
2191,BRA
2192,POR
2193,CRO
2194,SUI
2195,JPN
2196,POR
2197,GER
2198,BRA
2199,SUI
2200,BRA
2201,MEX
2202,RUS
2203,RUS
2204,FRA
2205,SRB
2206,BRA
2207,ARG
2208,BRA
2209,GER
2210,COL
2211,RUS
2212,JPN
2213,ESP
2214,BEL
2215,GER
2216,SUI
2217,SUI
2218,RUS
2219,BEL
2220,RUS
2221,CRO
2222,POR
2223,COL
2224,URU
2225,COL
2226,BRA
2227,ARG
2228,RUS
2229,AUS
2230,DEN
2231,CRC
2232,ENG
2233,FRA
2234,RUS
2235,SUI
2236,CRO
2237,CRO
2238,GER
2239,RUS
2240,FRA
2241,GER
2242,KOR
2243,BRA
2244,BRA
2245,POR
2246,BRA
2247,DEN
2248,ESP
2249,RUS
2250,ARG
2251,RUS
2252,BEL
2253,ARG
2254,ARG
2255,IRN
2256,ARG
2257,ESP
2258,NGA
2259,ARG
2260,SUI
2261,CRO
2262,GER
2263,POR
2264,BRA
2265,ENG
2266,ESP
2267,GER
2268,KOR
2269,FRA
2270,GER
2271,SRB
2272,GER
2273,SRB
2274,RUS
2275,RUS
2276,RUS
2277,SUI
2278,ENG
2279,ESP
2280,BRA
2281,ENG
2282,GER
2283,RUS
2284,SUI
2285,POR
2286,GER
2287,BEL
2288,ESP
2289,FRA
2290,ENG
2291,BRA
2292,CRC
2293,SUI
2294,BRA
2295,FRA
2296,URU
2297,ESP
2298,ARG
2299,RUS
2300,DEN
2301,BRA
2302,BRA
2303,FRA
2304,RUS
2305,POR
2306,POR
2307,ESP
2308,POR
2309,POL
2310,COL
2311,FRA
2312,ESP
2313,POR
2314,SEN
2315,POR
2316,GER
2317,BRA
2318,BRA
2319,BRA
2320,ARG
2321,NGA
2322,ENG
2323,BRA
2324,IRN
2325,BRA
2326,GER
2327,JPN
2328,KOR
2329,JPN
2330,SRB
2331,ENG
2332,RUS
2333,ESP
2334,FRA
2335,FRA
2336,MEX
2337,NGA
2338,COL
2339,IRN
2340,CRO
2341,ARG
2342,ARG
2343,CRC
2344,POR
2345,ESP
2346,GER
2347,SUI
2348,FRA
2349,ESP
2350,ENG
2351,SUI
2352,GER
2353,ENG
2354,SUI
2355,ARG
2356,ENG
2357,GER
2358,KOR
2359,RUS
2360,POR
2361,MEX
2362,ARG
2363,ENG
2364,SUI
2365,ARG
2366,ENG
2367,CRO
2368,CRO
2369,BRA
2370,POR
2371,BEL
2372,DEN
2373,GER
2374,POL
2375,ISL
2376,GER
2377,GER
2378,SUI
2379,ENG
2380,CRO
2381,BRA
2382,KOR
2383,ARG
2384,POL
2385,ARG
2386,COL
2387,POR
2388,POR
2389,BRA
2390,BRA
2391,EGY
2392,SUI
2393,GER
2394,BEL
2395,ESP
2396,KOR
2397,SUI
2398,SUI
2399,ENG
2400,ARG
2401,ESP
2402,AUS
2403,POR
2404,ENG
2405,ESP
2406,JPN
2407,RUS
2408,BRA
2409,POR
2410,FRA
2411,RUS
2412,ENG
2413,MEX
2414,IRN
2415,BEL
2416,DEN
2417,SWE
2418,ESP
2419,ESP
2420,ARG
2421,BEL
2422,ENG
2423,SRB
2424,ENG
2425,ENG
2426,BRA
2427,GER
2428,RUS
2429,POR
2430,DEN
2431,POR
2432,ESP
2433,GER
2434,BRA
2435,COL
2436,COL
2437,ARG
2438,FRA
2439,ARG
2440,ESP
2441,BEL
2442,JPN
2443,ESP
2444,FRA
2445,ESP
2446,ENG
2447,PAN
2448,RUS
2449,COL
2450,GER
2451,RUS
2452,SUI
2453,FRA
2454,GER
2455,BRA
2456,POR
2457,RUS
2458,SRB
2459,BRA
2460,ARG
2461,RUS
2462,IRN
2463,ARG
2464,POR
2465,POR
2466,ARG
2467,RUS
2468,SUI
2469,CRO
2470,FRA
2471,BRA
2472,GER
2473,ESP
2474,COL
2475,ARG
2476,POR
2477,ENG
2478,COL
2479,ARG
2480,POR
2481,ESP
2482,BEL
2483,FRA
2484,ARG
2485,SUI
2486,RUS
2487,RUS
2488,GER
2489,POR
2490,RUS
2491,ESP
2492,MEX
2493,POR
2494,ENG
2495,MEX
2496,GER
2497,CRO
2498,POR
2499,ESP
2500,BRA
2501,RUS
2502,ENG
2503,GER
2504,BRA
2505,RUS
2506,BRA
2507,BRA
2508,CRO
2509,ENG
2510,KSA
2511,ESP
2512,JPN
2513,URU
2514,BRA
2515,GER
2516,FRA
2517,BRA
2518,RUS
2519,ENG
2520,POR
2521,SUI
2522,ARG
2523,RUS
2524,COL
2525,FRA
2526,BRA
2527,SUI
2528,BEL
2529,ENG
2530,ESP
2531,POR
2532,RUS
2533,ARG
2534,ESP
2535,RUS
2536,BEL
2537,ESP
2538,BRA
2539,SWE
2540,SRB
2541,BRA
2542,GER
2543,BRA
2544,SUI
2545,ARG
2546,RUS
2547,BRA
2548,BEL
2549,COL
2550,ENG
2551,GER
2552,GER
2553,RUS
2554,SRB
2555,SWE
2556,ARG
2557,RUS
2558,SUI
2559,GER
2560,SUI
2561,ENG
2562,RUS
2563,POR
2564,COL
2565,ARG
2566,SUI
2567,SUI
2568,COL
2569,POR
2570,ESP
2571,BEL
2572,ARG
2573,GER
2574,ARG
2575,CRO
2576,SUI
2577,SUI
2578,SUI
2579,ESP
2580,URU
2581,COL
2582,GER
2583,ARG
2584,SUI
2585,BRA
2586,BRA
2587,RUS
2588,BRA
2589,POR
2590,CRO
2591,POR
2592,POR
2593,ARG
2594,SWE
2595,RUS
2596,ENG
2597,POL
2598,BRA
2599,KOR
2600,SRB
2601,RUS
2602,URU
2603,FRA
2604,BEL
2605,ESP
2606,AUS
2607,SRB
2608,BRA
2609,ARG
2610,GER
2611,SUI
2612,RUS
2613,BRA
2614,BRA
2615,POR
2616,DEN
2617,POR
2618,GER
2619,KSA
2620,RUS
2621,KSA
2622,SUI
2623,BRA
2624,ARG
2625,BEL
2626,ARG
2627,SUI
2628,GER
2629,CRO
2630,PER
2631,BRA
2632,BEL
2633,RUS
2634,DEN
2635,ESP
2636,RUS
2637,DEN
2638,ARG
2639,BEL
2640,ENG
2641,POR
2642,KOR
2643,SWE
2644,IRN
2645,NGA
2646,SUI
2647,GER
2648,MAR
2649,FRA
2650,ESP
2651,ESP
2652,ESP
2653,BRA
2654,CRO
2655,GER
2656,DEN
2657,GER
2658,ENG
2659,ARG
2660,ESP
2661,FRA
2662,FRA
2663,ENG
2664,ENG
2665,MEX
2666,GER
2667,FRA
2668,ARG
2669,FRA
2670,ENG
2671,GER
2672,POR
2673,KOR
2674,ENG
2675,FRA
2676,BRA
2677,POR
2678,BEL
2679,BRA
2680,GER
2681,BRA
2682,COL
2683,DEN
2684,POR
2685,KOR
2686,GER
2687,CRO
2688,BRA
2689,ARG
2690,GER
2691,RUS
2692,BRA
2693,MEX
2694,SUI
2695,RUS
2696,CRO
2697,RUS
2698,ENG
2699,ESP
2700,GER
2701,SUI
2702,ENG
2703,RUS
2704,FRA
2705,ENG
2706,RUS
2707,JPN
2708,GER
2709,GER
2710,PAN
2711,ESP
2712,BRA
2713,PAN
2714,RUS
2715,POR
2716,POR
2717,GER
2718,ENG
2719,ENG
2720,BEL
2721,ENG
2722,CRO
2723,ESP
2724,CRO
2725,COL
2726,GER
2727,SWE
2728,COL
2729,CRO
2730,KOR
2731,ESP
2732,RUS
2733,POR
2734,GER
2735,GER
2736,ESP
2737,SUI
2738,COL
2739,ESP
2740,ESP
2741,SRB
2742,RUS
2743,URU
2744,KOR
2745,BRA
2746,FRA
2747,GER
2748,ARG
2749,CRO
2750,BRA
2751,RUS
2752,BEL
2753,SUI
2754,ARG
2755,POR
2756,ENG
2757,CRO
2758,BRA
2759,ARG
2760,FRA
2761,SUI
2762,ARG
2763,CRO
2764,ENG
2765,ENG
2766,BEL
2767,SUI
2768,ESP
2769,RUS
2770,SUI
2771,POR
2772,GER
2773,RUS
2774,KSA
2775,BRA
2776,BRA
2777,ESP
2778,IRN
2779,SWE
2780,ENG
2781,SUI
2782,POR
2783,SRB
2784,RUS
2785,RUS
2786,BRA
2787,BEL
2788,SRB
2789,AUS
2790,NGA
2791,GER
2792,SUI
2793,GER
2794,FRA
2795,ARG
2796,BRA
2797,IRN
2798,ENG
2799,GER
2800,ARG
2801,GER
2802,GER
2803,MEX
2804,ARG
2805,BEL
2806,ENG
2807,ENG
2808,POR
2809,ARG
2810,SUI
2811,GER
2812,POL
2813,CRO
2814,ESP
2815,ENG
2816,FRA
2817,BRA
2818,FRA
2819,DEN
2820,FRA
2821,FRA
2822,ARG
2823,ARG
2824,GER
2825,ESP
2826,POR
2827,GER
2828,ARG
2829,RUS
2830,POR
2831,RUS
2832,ARG
2833,MEX
2834,CRO
2835,ARG
2836,GER
2837,POR
2838,ARG
2839,CRC
2840,POR
2841,ESP
2842,GER
2843,ARG
2844,SRB
2845,POR
2846,GER
2847,COL
2848,BRA
2849,ENG
2850,KSA
2851,FRA
2852,SRB
2853,ENG
2854,BEL
2855,FRA
2856,SWE
2857,MEX
2858,ENG
2859,ENG
2860,ENG
2861,BRA
2862,GER
2863,SUI
2864,GER
2865,BEL
2866,GER
2867,ARG
2868,KSA
2869,BEL
2870,SWE
2871,SUI
2872,KOR
2873,RUS
2874,ARG
2875,ESP
2876,ARG
2877,GER
2878,MEX
2879,ESP
2880,ARG
2881,BRA
2882,ARG
2883,ESP
2884,ENG
2885,ESP
2886,CRO
2887,MEX
2888,ENG
2889,ENG
2890,ESP
2891,ARG
2892,ESP
2893,GER
2894,ARG
2895,POR
2896,RUS
2897,ARG
2898,ENG
2899,RUS
2900,POR
2901,SUI
2902,COL
2903,CRO
2904,RUS
2905,RUS
2906,CRO
2907,GER
2908,MEX
2909,SUI
2910,RUS
2911,POR
2912,GER
2913,BRA
2914,IRN
2915,JPN
2916,GER
2917,GER
2918,RUS
2919,POR
2920,SUI
2921,RUS
2922,FRA
2923,ESP
2924,RUS
2925,ESP
2926,BRA
2927,RUS
2928,ENG
2929,ARG
2930,RUS
2931,FRA
2932,AUS
2933,GER
2934,ARG
2935,POL
2936,BRA
2937,GER
2938,BRA
2939,RUS
2940,ARG
2941,SUI
2942,FRA
2943,FRA
2944,CRC
2945,URU
2946,NGA
2947,SUI
2948,ARG
2949,BRA
2950,NGA
2951,FRA
2952,FRA
2953,ENG
2954,GER
2955,FRA
2956,ARG
2957,SUI
2958,KOR
2959,COL
2960,GER
2961,RUS
2962,FRA
2963,KSA
2964,MEX
2965,ARG
2966,ARG
2967,TUN
2968,BEL
2969,ESP
2970,BEL
2971,BRA
2972,SUI
2973,JPN
2974,RUS
2975,ENG
2976,ARG
2977,URU
2978,GER
2979,KOR
2980,BEL
2981,ENG
2982,FRA
2983,ARG
2984,GER
2985,GER
2986,POR
2987,BRA
2988,POR
2989,FRA
2990,BEL
2991,KOR
2992,ARG
2993,ENG
2994,ARG
2995,MEX
2996,FRA
2997,ISL
2998,BRA
2999,BRA
3000,RUS
3001,SUI
3002,BEL
3003,POL
3004,SRB
3005,ENG
3006,RUS
3007,RUS
3008,GER
3009,AUS
3010,ENG
3011,BEL
3012,ENG
3013,CRC
3014,BRA
3015,POR
3016,ARG
3017,GER
3018,ENG
3019,BRA
3020,ARG
3021,RUS
3022,DEN
3023,ENG
3024,MEX
3025,CRO
3026,BRA
3027,DEN
3028,NGA
3029,ARG
3030,BEL
3031,SRB
3032,GER
3033,SWE
3034,ESP
3035,KOR
3036,ARG
3037,SUI
3038,ENG
3039,FRA
3040,FRA
3041,ARG
3042,ARG
3043,KOR
3044,RUS
3045,SRB
3046,POR
3047,ENG
3048,SUI
3049,RUS
3050,SUI
3051,BRA
3052,ENG
3053,ARG
3054,BRA
3055,DEN
3056,ESP
3057,FRA
3058,SUI
3059,BRA
3060,RUS
3061,NGA
3062,URU
3063,RUS
3064,BRA
3065,POR
3066,POR
3067,BRA
3068,GER
3069,ARG
3070,RUS
3071,MEX
3072,KSA
3073,DEN
3074,BEL
3075,ENG
3076,POR
3077,RUS
3078,DEN
3079,SUI
3080,BRA
3081,BRA
3082,KOR
3083,ARG
3084,SWE
3085,FRA
3086,SWE
3087,COL
3088,ARG
3089,ENG
3090,ARG
3091,FRA
3092,ENG
3093,BRA
3094,GER
3095,GER
3096,ARG
3097,MEX
3098,FRA
3099,FRA
3100,KSA
3101,POR
3102,JPN
3103,RUS
3104,ESP
3105,SUI
3106,ENG
3107,ARG
3108,DEN
3109,BRA
3110,GER
3111,FRA
3112,SRB
3113,CRO
3114,GER
3115,KOR
3116,ESP
3117,CRO
3118,PER
3119,BEL
3120,POR
3121,FRA
3122,POL
3123,ESP
3124,SUI
3125,RUS
3126,ARG
3127,FRA
3128,ENG
3129,ARG
3130,BRA
3131,POR
3132,ESP
3133,ESP
3134,POR
3135,BEL
3136,ARG
3137,RUS
3138,ARG
3139,BRA
3140,FRA
3141,FRA
3142,ARG
3143,SUI
3144,CRO
3145,BRA
3146,RUS
3147,FRA
3148,ARG
3149,URU
3150,ENG
3151,ENG
3152,POL
3153,DEN
3154,BEL
3155,FRA
3156,GER
3157,ESP
3158,PAN
3159,URU
3160,ARG
3161,ENG
3162,ESP
3163,URU
3164,POR
3165,MEX
3166,SUI
3167,SUI
3168,GER
3169,FRA
3170,FRA
3171,BRA
3172,SEN
3173,GER
3174,ARG
3175,COL
3176,POR
3177,CRO
3178,JPN
3179,GER
3180,ENG
3181,ESP
3182,ESP
3183,SRB
3184,FRA
3185,BRA
3186,ARG
3187,GER
3188,RUS
3189,POR
3190,GER
3191,POL
3192,POR
3193,CRO
3194,GER
3195,KSA
3196,POR
3197,ARG
3198,SWE
3199,KOR
3200,ESP
3201,GER
3202,ENG
3203,POR
3204,GER
3205,RUS
3206,CRO
3207,URU
3208,TUN
3209,RUS
3210,GER
3211,BRA
3212,GER
3213,RUS
3214,SRB
3215,ESP
3216,BRA
3217,SWE
3218,RUS
3219,URU
3220,GER
3221,BRA
3222,ENG
3223,FRA
3224,PAN
3225,BRA
3226,RUS
3227,RUS
3228,BRA
3229,DEN
3230,GER
3231,RUS
3232,IRN
3233,ARG
3234,POR
3235,FRA
3236,POR
3237,DEN
3238,BRA
3239,POR
3240,FRA
3241,SUI
3242,IRN
3243,ESP
3244,ENG
3245,FRA
3246,ARG
3247,RUS
3248,FRA
3249,DEN
3250,ARG
3251,ARG
3252,RUS
3253,BRA
3254,BRA
3255,BRA
3256,GER
3257,SUI
3258,GER
3259,ESP
3260,ARG
3261,GER
3262,SRB
3263,POR
3264,CRO
3265,CRO
3266,GER
3267,TUN
3268,ESP
3269,RUS
3270,RUS
3271,BRA
3272,AUS
3273,CRC
3274,URU
3275,FRA
3276,ESP
3277,CRC
3278,DEN
3279,SUI
3280,GER
3281,ENG
3282,ARG
3283,BRA
3284,FRA
3285,ENG
3286,ARG
3287,ARG
3288,PAN
3289,RUS
3290,KOR
3291,ARG
3292,ARG
3293,ESP
3294,ENG
3295,ENG
3296,SUI
3297,MAR
3298,CRO
3299,BRA
3300,BEL
3301,RUS
3302,ESP
3303,RUS
3304,ENG
3305,GER
3306,RUS
3307,POR
3308,ARG
3309,SRB
3310,RUS
3311,DEN
3312,CRO
3313,SUI
3314,POR
3315,ARG
3316,BEL
3317,COL
3318,GER
3319,BRA
3320,GER
3321,ARG
3322,GER
3323,SWE
3324,CRC
3325,GER
3326,KOR
3327,POR
3328,BRA
3329,URU
3330,SWE
3331,BRA
3332,BEL
3333,GER
3334,ENG
3335,ESP
3336,CRO
3337,POR
3338,BRA
3339,ARG
3340,BRA
3341,FRA
3342,SRB
3343,SWE
3344,FRA
3345,URU
3346,BRA
3347,BRA
3348,FRA
3349,SUI
3350,POR
3351,BRA
3352,BRA
3353,PAN
3354,BRA
3355,ESP
3356,ARG
3357,RUS
3358,ARG
3359,COL
3360,SUI
3361,SUI
3362,ARG
3363,RUS
3364,ENG
3365,SRB
3366,SUI
3367,POR
3368,ESP
3369,ENG
3370,ENG
3371,RUS
3372,POR
3373,JPN
3374,FRA
3375,BRA
3376,RUS
3377,RUS
3378,GER
3379,BRA
3380,GER
3381,ARG
3382,BEL
3383,RUS
3384,ARG
3385,POL
3386,SUI
3387,ENG
3388,RUS
3389,FRA
3390,BRA
3391,ENG
3392,POR
3393,GER
3394,BRA
3395,ENG
3396,ARG
3397,ARG
3398,POR
3399,BEL
3400,BRA
3401,POR
3402,BRA
3403,ENG
3404,SUI
3405,FRA
3406,GER
3407,FRA
3408,MEX
3409,SUI
3410,BRA
3411,CRC
3412,GER
3413,URU
3414,POR
3415,JPN
3416,ARG
3417,ESP
3418,DEN
3419,FRA
3420,KSA
3421,RUS
3422,BRA
3423,BEL
3424,ARG
3425,RUS
3426,ENG
3427,CRO
3428,BEL
3429,ARG
3430,RUS
3431,POR
3432,GER
3433,BRA
3434,CRO
3435,POR
3436,ARG
3437,GER
3438,BEL
3439,ENG
3440,BRA
3441,POR
3442,PAN
3443,GER
3444,CRO
3445,URU
3446,BRA
3447,BRA
3448,URU
3449,ENG
3450,GER
3451,ARG
3452,FRA
3453,RUS
3454,MEX
3455,RUS
3456,RUS
3457,POR
3458,ENG
3459,ARG
3460,MEX
3461,BEL
3462,BEL
3463,SUI
3464,BEL
3465,POR
3466,FRA
3467,POR
3468,GER
3469,POR
3470,URU
3471,ENG
3472,RUS
3473,DEN
3474,ENG
3475,RUS
3476,BRA
3477,IRN
3478,URU
3479,ARG
3480,FRA
3481,BRA
3482,RUS
3483,CRO
3484,POR
3485,DEN
3486,BEL
3487,COL
3488,ARG
3489,CRO
3490,ARG
3491,SUI
3492,RUS
3493,RUS
3494,BRA
3495,ARG
3496,BRA
3497,RUS
3498,ESP
3499,GER
3500,BRA
3501,POR
3502,CRO
3503,SUI
3504,POR
3505,ENG
3506,BRA
3507,FRA
3508,BRA
3509,GER
3510,GER
3511,KOR
3512,ENG
3513,RUS
3514,POR
3515,ESP
3516,ARG
3517,SUI
3518,MEX
3519,ARG
3520,SUI
3521,SRB
3522,ARG
3523,BRA
3524,URU
3525,CRO
3526,ESP
3527,URU
3528,CRO
3529,POR
3530,GER
3531,BEL
3532,ARG
3533,CRO
3534,GER
3535,ARG
3536,GER
3537,CRO
3538,FRA
3539,DEN
3540,ARG
3541,URU
3542,FRA
3543,EGY
3544,ENG
3545,ENG
3546,SUI
3547,RUS
3548,ARG
3549,KOR
3550,ARG
3551,GER
3552,SUI
3553,IRN
3554,RUS
3555,RUS
3556,BRA
3557,SUI
3558,BEL
3559,BRA
3560,BRA
3561,SUI
3562,BRA
3563,RUS
3564,GER
3565,RUS
3566,RUS
3567,BEL
3568,CRO
3569,BEL
3570,CRO
3571,BRA
3572,BEL
3573,SUI
3574,ENG
3575,POR
3576,JPN
3577,SUI
3578,RUS
3579,ENG
3580,FRA
3581,RUS
3582,SUI
3583,DEN
3584,ENG
3585,GER
3586,ARG
3587,CRO
3588,RUS
3589,GER
3590,BRA
3591,BEL
3592,BRA
3593,RUS
3594,BEL
3595,ARG
3596,SUI
3597,POR
3598,ARG
3599,ESP
3600,IRN
3601,BEL
3602,RUS
3603,GER
3604,MEX
3605,GER
3606,ESP
3607,ARG
3608,URU
3609,POR
3610,RUS
3611,BRA
3612,SUI
3613,GER
3614,BRA
3615,ARG
3616,COL
3617,POR
3618,IRN
3619,ARG
3620,BRA
3621,ENG
3622,IRN
3623,POR
3624,ENG
3625,RUS
3626,ARG
3627,GER
3628,BRA
3629,MEX
3630,ESP
3631,SUI
3632,CRO
3633,POR
3634,RUS
3635,FRA
3636,BRA
3637,DEN
3638,NGA
3639,CRO
3640,ESP
3641,SWE
3642,RUS
3643,ENG
3644,BRA
3645,BRA
3646,ARG
3647,NGA
3648,POL
3649,CRO
3650,ARG
3651,AUS
3652,FRA
3653,BRA
3654,CRO
3655,KOR
3656,SEN
3657,ARG
3658,RUS
3659,ARG
3660,SEN
3661,GER
3662,TUN
3663,RUS
3664,ESP
3665,GER
3666,CRO
3667,ARG
3668,GER
3669,BRA
3670,SUI
3671,FRA
3672,ARG
3673,DEN
3674,POR
3675,FRA
3676,GER
3677,FRA
3678,BRA
3679,URU
3680,SRB
3681,ARG
3682,SUI
3683,ARG
3684,ESP
3685,ENG
3686,RUS
3687,AUS
3688,KSA
3689,ENG
3690,DEN
3691,BRA
3692,POR
3693,NGA
3694,ENG
3695,BRA
3696,FRA
3697,BRA
3698,RUS
3699,ESP
3700,BRA
3701,POR
3702,URU
3703,BEL
3704,POR
3705,RUS
3706,GER
3707,ARG
3708,JPN
3709,ARG
3710,CRO
3711,TUN
3712,AUS
3713,POR
3714,POL
3715,SRB
3716,GER
3717,ESP
3718,RUS
3719,RUS
3720,ARG
3721,SRB
3722,GER
3723,BRA
3724,POR
3725,ESP
3726,BEL
3727,BRA
3728,ARG
3729,GER
3730,JPN
3731,RUS
3732,CRO
3733,ARG
3734,GER
3735,BEL
3736,GER
3737,CRO
3738,GER
3739,ISL
3740,KOR
3741,RUS
3742,BRA
3743,CRO
3744,BRA
3745,FRA
3746,POR
3747,POR
3748,ENG
3749,BRA
3750,RUS
3751,COL
3752,ARG
3753,FRA
3754,ENG
3755,PER
3756,POR
3757,GER
3758,SRB
3759,GER
3760,DEN
3761,ENG
3762,BRA
3763,BRA
3764,ENG
3765,ESP
3766,BRA
3767,BRA
3768,ENG
3769,SRB
3770,BRA
3771,KOR
3772,ESP
3773,SUI
3774,GER
3775,ESP
3776,GER
3777,FRA
3778,RUS
3779,ENG
3780,ARG
3781,ESP
3782,ENG
3783,BEL
3784,GER
3785,ESP
3786,ARG
3787,JPN
3788,ESP
3789,CRO
3790,BRA
3791,GER
3792,RUS
3793,ESP
3794,BEL
3795,FRA
3796,DEN
3797,AUS
3798,ARG
3799,BRA
3800,GER
3801,NGA
3802,ARG
3803,SRB
3804,ARG
3805,ENG
3806,BRA
3807,GER
3808,ENG
3809,ESP
3810,SUI
3811,KOR
3812,GER
3813,POL
3814,NGA
3815,RUS
3816,GER
3817,KSA
3818,ESP
3819,BRA
3820,SWE
3821,ARG
3822,SUI
3823,COL
3824,RUS
3825,POL
3826,ESP
3827,ARG
3828,ARG
3829,BEL
3830,BEL
3831,GER
3832,CRC
3833,POL
3834,POR
3835,GER
3836,RUS
3837,GER
3838,SUI
3839,BRA
3840,BEL
3841,SWE
3842,ARG
3843,ENG
3844,FRA
3845,ESP
3846,RUS
3847,GER
3848,RUS
3849,CRO
3850,CRC
3851,ENG
3852,ESP
3853,GER
3854,SRB
3855,RUS
3856,GER
3857,BRA
3858,RUS
3859,SEN
3860,POR
3861,BRA
3862,ENG
3863,ENG
3864,ENG
3865,BRA
3866,GER
3867,GER
3868,ARG
3869,GER
3870,DEN
3871,BRA
3872,FRA
3873,BRA
3874,AUS
3875,COL
3876,BEL
3877,ARG
3878,COL
3879,AUS
3880,GER
3881,MEX
3882,ARG
3883,FRA
3884,ARG
3885,AUS
3886,CRO
3887,KOR
3888,BRA
3889,CRC
3890,RUS
3891,RUS
3892,CRO
3893,RUS
3894,BRA
3895,SWE
3896,ESP
3897,ARG
3898,RUS
3899,ESP
3900,SUI
3901,GER
3902,URU
3903,SUI
3904,GER
3905,EGY
3906,ARG
3907,URU
3908,ARG
3909,RUS
3910,BEL
3911,POR
3912,MEX
3913,BRA
3914,BRA
3915,POR
3916,URU
3917,MEX
3918,DEN
3919,ARG
3920,CRO
3921,FRA
3922,SUI
3923,ENG
3924,RUS
3925,GER
3926,GER
3927,ESP
3928,BRA
3929,BRA
3930,SUI
3931,CRO
3932,BRA
3933,BRA
3934,BRA
3935,GER
3936,ARG
3937,FRA
3938,SUI
3939,FRA
3940,ESP
3941,ESP
3942,SRB
3943,KOR
3944,ARG
3945,GER
3946,NGA
3947,ESP
3948,ARG
3949,ENG
3950,ENG
3951,GER
3952,CRO
3953,FRA
3954,SRB
3955,BRA
3956,CRO
3957,POR
3958,BEL
3959,CRO
3960,SUI
3961,FRA
3962,RUS
3963,SUI
3964,ARG
3965,IRN
3966,ESP
3967,PAN
3968,ARG
3969,GER
3970,ARG
3971,ESP
3972,SEN
3973,SUI
3974,ESP
3975,ENG
3976,ENG
3977,POR
3978,SUI
3979,FRA
3980,RUS
3981,ENG
3982,BRA
3983,POR
3984,ENG
3985,POR
3986,SWE
3987,ARG
3988,MEX
3989,GER
3990,RUS
3991,ESP
3992,ARG
3993,ARG
3994,MEX
3995,FRA
3996,MEX
3997,CRO
3998,ENG
3999,BRA
4000,FRA
4001,ARG
4002,ARG
4003,POR
4004,URU
4005,FRA
4006,BRA
4007,ESP
4008,URU
4009,ENG
4010,BEL
4011,BEL
4012,ARG
4013,BEL
4014,BEL
4015,POL
4016,ARG
4017,GER
4018,BRA
4019,SUI
4020,GER
4021,ARG
4022,RUS
4023,ENG
4024,SUI
4025,POR
4026,RUS
4027,POR
4028,ARG
4029,POR
4030,POR
4031,CRO
4032,GER
4033,DEN
4034,ENG
4035,ARG
4036,POR
4037,ARG
4038,POL
4039,BRA
4040,FRA
4041,GER
4042,BRA
4043,AUS
4044,RUS
4045,BRA
4046,COL
4047,ARG
4048,ARG
4049,BRA
4050,BRA
4051,SUI
4052,GER
4053,BRA
4054,ENG
4055,POR
4056,RUS
4057,SUI
4058,BEL
4059,BRA
4060,RUS
4061,BRA
4062,RUS
4063,ARG
4064,GER
4065,FRA
4066,MEX
4067,POR
4068,ARG
4069,DEN
4070,JPN
4071,ARG
4072,POR
4073,ENG
4074,ESP
4075,FRA
4076,JPN
4077,ENG
4078,ENG
4079,BEL
4080,CRC
4081,ESP
4082,SUI
4083,FRA
4084,ESP
4085,ARG
4086,POL
4087,GER
4088,GER
4089,MEX
4090,POR
4091,BRA
4092,BRA
4093,GER
4094,GER
4095,POR
4096,MEX
4097,POR
4098,POR
4099,FRA
4100,SWE
4101,COL
4102,POR
4103,ENG
4104,BRA
4105,POR
4106,ARG
4107,RUS
4108,ENG
4109,ARG
4110,ARG
4111,FRA
4112,RUS
4113,ESP
4114,BRA
4115,FRA
4116,MEX
4117,PAN
4118,RUS
4119,BRA
4120,GER
4121,NGA
4122,BEL
4123,BRA
4124,RUS
4125,AUS
4126,SUI
4127,GER
4128,SUI
4129,BEL
4130,BRA
4131,RUS
4132,BRA
4133,POR
4134,KSA
4135,RUS
4136,POR
4137,ESP
4138,DEN
4139,ARG
4140,RUS
4141,POR
4142,ESP
4143,POL
4144,FRA
4145,ARG
4146,URU
4147,BRA
4148,RUS
4149,ENG
4150,GER
4151,COL
4152,BRA
4153,DEN
4154,RUS
4155,GER
4156,GER
4157,ENG
4158,SUI
4159,BEL
4160,SUI
4161,SUI
4162,BRA
4163,ENG
4164,ENG
4165,SUI
4166,ARG
4167,JPN
4168,SUI
4169,RUS
4170,ENG
4171,POR
4172,ESP
4173,ESP
4174,ENG
4175,RUS
4176,BRA
4177,ESP
4178,BEL
4179,NGA
4180,SUI
4181,GER
4182,FRA
4183,ESP
4184,ARG
4185,BRA
4186,ARG
4187,AUS
4188,CRO
4189,FRA
4190,ENG
4191,GER
4192,GER
4193,ENG
4194,BRA
4195,RUS
4196,SWE
4197,AUS
4198,ENG
4199,BEL
4200,CRO
4201,BRA
4202,BRA
4203,ARG
4204,BRA
4205,ARG
4206,ARG
4207,GER
4208,ESP
4209,BRA
4210,ARG
4211,ARG
4212,RUS
4213,RUS
4214,BRA
4215,BRA
4216,RUS
4217,ARG
4218,GER
4219,ARG
4220,POR
4221,ARG
4222,FRA
4223,ENG
4224,ARG
4225,BRA
4226,ARG
4227,SUI
4228,BRA
4229,ARG
4230,BRA
4231,IRN
4232,BRA
4233,ENG
4234,POR
4235,BRA
4236,RUS
4237,GER
4238,ARG
4239,ESP
4240,ARG
4241,CRO
4242,RUS
4243,ARG
4244,RUS
4245,BRA
4246,SUI
4247,IRN
4248,FRA
4249,RUS
4250,BEL
4251,SRB
4252,GER
4253,ARG
4254,POL
4255,POR
4256,ESP
4257,ENG
4258,BRA
4259,ARG
4260,PAN
4261,SUI
4262,BRA
4263,ARG
4264,CRO
4265,ESP
4266,BEL
4267,KOR
4268,BRA
4269,SWE
4270,DEN
4271,CRO
4272,ARG
4273,ENG
4274,BEL
4275,SUI
4276,POR
4277,BRA
4278,FRA
4279,POR
4280,FRA
4281,RUS
4282,BRA
4283,SUI
4284,GER
4285,ARG
4286,GER
4287,ESP
4288,RUS
4289,BRA
4290,ENG
4291,FRA
4292,ESP
4293,FRA
4294,URU
4295,ARG
4296,SWE
4297,BEL
4298,CRC
4299,PAN
4300,ARG
4301,ARG
4302,GER
4303,COL
4304,KOR
4305,BRA
4306,ARG
4307,BRA
4308,BRA
4309,BEL
4310,SUI
4311,GER
4312,RUS
4313,FRA
4314,DEN
4315,GER
4316,ESP
4317,ENG
4318,ESP
4319,BRA
4320,GER
4321,SUI
4322,ARG
4323,ARG
4324,BRA
4325,RUS
4326,BEL
4327,RUS
4328,BRA
4329,GER
4330,RUS
4331,SUI
4332,BRA
4333,ENG
4334,CRO
4335,FRA
4336,ENG
4337,ESP
4338,FRA
4339,ARG
4340,SUI
4341,URU
4342,GER
4343,BRA
4344,DEN
4345,URU
4346,BRA
4347,ARG
4348,RUS
4349,ESP
4350,BRA
4351,FRA
4352,BRA
4353,FRA
4354,BRA
4355,FRA
4356,DEN
4357,POR
4358,RUS
4359,ESP
4360,BRA
4361,ARG
4362,ARG
4363,ESP
4364,URU
4365,ENG
4366,MEX
4367,POR
4368,GER
4369,SUI
4370,GER
4371,URU
4372,RUS
4373,ESP
4374,RUS
4375,DEN
4376,SUI
4377,RUS
4378,ESP
4379,CRO
4380,SUI
4381,RUS
4382,CRO
4383,MEX
4384,ENG
4385,POR
4386,CRO
4387,FRA
4388,CRC
4389,AUS
4390,BEL
4391,ARG
4392,AUS
4393,DEN
4394,GER
4395,DEN
4396,BEL
4397,TUN
4398,BRA
4399,BRA
4400,RUS
4401,BRA
4402,COL
4403,POR
4404,SUI
4405,ENG
4406,ESP
4407,GER
4408,ENG
4409,CRC
4410,URU
4411,ARG
4412,BRA
4413,POR
4414,SUI
4415,SUI
4416,BEL
4417,POR
4418,AUS
4419,GER
4420,POR
4421,RUS
4422,SUI
4423,RUS
4424,CRO
4425,SRB
4426,BRA
4427,DEN
4428,POL
4429,SWE
4430,SRB
4431,ARG
4432,GER
4433,POR
4434,BRA
4435,SUI
4436,COL
4437,SUI
4438,CRO
4439,CRO
4440,SUI
4441,ENG
4442,RUS
4443,GER
4444,KOR
4445,GER
4446,ARG
4447,BRA
4448,RUS
4449,GER
4450,FRA
4451,POL
4452,ENG
4453,FRA
4454,FRA
4455,URU
4456,EGY
4457,DEN
4458,BEL
4459,DEN
4460,ENG
4461,ARG
4462,POR
4463,SUI
4464,BEL
4465,BRA
4466,BRA
4467,TUN
4468,GER
4469,POR
4470,BRA
4471,SUI
4472,BRA
4473,CRO
4474,GER
4475,GER
4476,KOR
4477,ARG
4478,BRA
4479,ARG
4480,ARG
4481,BRA
4482,BRA
4483,CRO
4484,EGY
4485,URU
4486,RUS
4487,GER
4488,BRA
4489,RUS
4490,ARG
4491,BRA
4492,FRA
4493,ARG
4494,POR
4495,DEN
4496,RUS
4497,SUI
4498,SRB
4499,BRA
4500,FRA
4501,ENG
4502,CRO
4503,POR
4504,TUN
4505,SUI
4506,CRO
4507,RUS
4508,ESP
4509,BRA
4510,BEL
4511,GER
4512,ISL
4513,URU
4514,ARG
4515,ARG
4516,URU
4517,FRA
4518,ARG
4519,JPN
4520,RUS
4521,ARG
4522,BRA
4523,GER
4524,GER
4525,ARG
4526,CRO
4527,ARG
4528,POR
4529,SUI
4530,COL
4531,BRA
4532,ARG
4533,BRA
4534,RUS
4535,ESP
4536,COL
4537,JPN
4538,ARG
4539,CRO
4540,POL
4541,CRC
4542,SUI
4543,GER
4544,BRA
4545,RUS
4546,BRA
4547,POL
4548,ESP
4549,POL
4550,BRA
4551,DEN
4552,ARG
4553,BRA
4554,ENG
4555,SUI
4556,GER
4557,FRA
4558,RUS
4559,ENG
4560,POR
4561,ARG
4562,SUI
4563,BRA
4564,RUS
4565,FRA
4566,BRA
4567,BEL
4568,POR
4569,POL
4570,POR
4571,CRO
4572,FRA
4573,FRA
4574,SUI
4575,DEN
4576,BEL
4577,FRA
4578,POR
4579,POR
4580,RUS
4581,NGA
4582,BEL
4583,RUS
4584,ESP
4585,ARG
4586,ESP
4587,BRA
4588,FRA
4589,ARG
4590,FRA
4591,ARG
4592,POL
4593,SRB
4594,SUI
4595,CRO
4596,POR
4597,RUS
4598,CRO
4599,URU
4600,FRA
4601,ARG
4602,ENG
4603,POR
4604,RUS
4605,ARG
4606,BEL
4607,POR
4608,ARG
4609,GER
4610,SRB
4611,ENG
4612,DEN
4613,POR
4614,BRA
4615,FRA
4616,SUI
4617,AUS
4618,FRA
4619,NGA
4620,KSA
4621,GER
4622,BEL
4623,ARG
4624,RUS
4625,ENG
4626,SRB
4627,GER
4628,ARG
4629,ARG
4630,FRA
4631,ARG
4632,ARG
4633,CRO
4634,GER
4635,BRA
4636,RUS
4637,SRB
4638,ENG
4639,COL
4640,POL
4641,ESP
4642,ARG
4643,POR
4644,RUS
4645,ENG
4646,GER
4647,ENG
4648,POR
4649,COL
4650,POR
4651,ESP
4652,RUS
4653,BRA
4654,ENG
4655,ARG
4656,BRA
4657,BRA
4658,RUS
4659,SWE
4660,RUS
4661,SUI
4662,ENG
4663,BEL
4664,ESP
4665,ENG
4666,BRA
4667,GER
4668,CRO
4669,POR
4670,MEX
4671,ARG
4672,POR
4673,ESP
4674,FRA
4675,RUS
4676,BEL
4677,GER
4678,BEL
4679,ARG
4680,GER
4681,POR
4682,EGY
4683,ENG
4684,IRN
4685,ESP
4686,CRO
4687,ESP
4688,GER
4689,ARG
4690,BRA
4691,BEL
4692,GER
4693,RUS
4694,SUI
4695,BRA
4696,POR
4697,ESP
4698,ENG
4699,FRA
4700,CRO
4701,RUS
4702,ARG
4703,SUI
4704,ARG
4705,SRB
4706,ESP
4707,BRA
4708,GER
4709,ESP
4710,SUI
4711,GER
4712,CRO
4713,URU
4714,GER
4715,MEX
4716,URU
4717,BRA
4718,RUS
4719,MEX
4720,RUS
4721,ESP
4722,DEN
4723,POL
4724,ARG
4725,NGA
4726,RUS
4727,BEL
4728,CRO
4729,POR
4730,RUS
4731,POR
4732,BEL
4733,BRA
4734,FRA
4735,POR
4736,GER
4737,GER
4738,BRA
4739,ESP
4740,BRA
4741,GER
4742,BRA
4743,JPN
4744,GER
4745,BRA
4746,RUS
4747,GER
4748,BRA
4749,ARG
4750,GER
4751,MEX
4752,RUS
4753,RUS
4754,BRA
4755,ENG
4756,BRA
4757,POR
4758,BRA
4759,DEN
4760,FRA
4761,SRB
4762,AUS
4763,ARG
4764,RUS
4765,CRO
4766,ARG
4767,ARG
4768,GER
4769,COL
4770,BRA
4771,ESP
4772,RUS
4773,RUS
4774,BEL
4775,SWE
4776,ARG
4777,ENG
4778,POL
4779,ARG
4780,ENG
4781,FRA
4782,ARG
4783,GER
4784,CRO
4785,COL
4786,FRA
4787,SWE
4788,POR
4789,SUI
4790,BRA
4791,BRA
4792,POR
4793,SUI
4794,FRA
4795,RUS
4796,BRA
4797,NGA
4798,ARG
4799,BEL
4800,CRO
4801,CRO
4802,BRA
4803,BRA
4804,SEN
4805,IRN
4806,ARG
4807,ESP
4808,ARG
4809,COL
4810,FRA
4811,GER
4812,COL
4813,BEL
4814,FRA
4815,ENG
4816,GER
4817,JPN
4818,MEX
4819,BEL
4820,BRA
4821,CRO
4822,CRO
4823,SUI
4824,BEL
4825,SRB
4826,ARG
4827,GER
4828,PAN
4829,BRA
4830,POR
4831,SUI
4832,POL
4833,POR
4834,POR
4835,RUS
4836,GER
4837,MEX
4838,PER
4839,BRA
4840,CRO
4841,POR
4842,RUS
4843,ARG
4844,RUS
4845,BRA
4846,ENG
4847,POR
4848,BRA
4849,GER
4850,BEL
4851,DEN
4852,RUS
4853,BRA
4854,GER
4855,SRB
4856,BEL
4857,BEL
4858,ARG
4859,SWE
4860,CRO
4861,BRA
4862,BEL
4863,NGA
4864,MEX
4865,FRA
4866,ENG
4867,CRC
4868,CRO
4869,BRA
4870,ARG
4871,POR
4872,SUI
4873,ARG
4874,BRA
4875,ENG
4876,MEX
4877,CRO
4878,RUS
4879,RUS
4880,CRC
4881,ENG
4882,FRA
4883,ESP
4884,GER
4885,SRB
4886,ENG
4887,GER
4888,GER
4889,ESP
4890,ESP
4891,MEX
4892,BRA
4893,GER
4894,GER
4895,SWE
4896,FRA
4897,SRB
4898,SWE
4899,ENG
4900,GER
4901,SUI
4902,BRA
4903,COL
4904,BRA
4905,KSA
4906,BRA
4907,DEN
4908,FRA
4909,RUS
4910,BRA
4911,SUI
4912,GER
4913,POR
4914,BRA
4915,ARG
4916,RUS
4917,CRO
4918,DEN
4919,ARG
4920,IRN
4921,GER
4922,ENG
4923,ARG
4924,BEL
4925,GER
4926,GER
4927,FRA
4928,ENG
4929,BRA
4930,POR
4931,SUI
4932,ARG
4933,GER
4934,POR
4935,POR
4936,POR
4937,BEL
4938,POR
4939,FRA
4940,ESP
4941,BRA
4942,FRA
4943,ESP
4944,POL
4945,SRB
4946,BEL
4947,BRA
4948,ENG
4949,CRO
4950,BRA
4951,RUS
4952,FRA
4953,BEL
4954,ARG
4955,GER
4956,AUS
4957,GER
4958,RUS
4959,GER
4960,ESP
4961,NGA
4962,ENG
4963,IRN
4964,BRA
4965,SRB
4966,KOR
4967,POL
4968,BEL
4969,ENG
4970,DEN
4971,RUS
4972,ARG
4973,FRA
4974,DEN
4975,POR
4976,RUS
4977,SUI
4978,BEL
4979,FRA
4980,BEL
4981,DEN
4982,ARG
4983,SRB
4984,POR
4985,ARG
4986,FRA
4987,BRA
4988,ENG
4989,SUI
4990,ENG
4991,POR
4992,ARG
4993,CRO
4994,URU
4995,ARG
4996,BRA
4997,SWE
4998,ESP
4999,RUS
5000,BRA
5001,BEL
5002,ENG
5003,SWE
5004,ARG
5005,ENG
5006,ARG
5007,RUS
5008,POR
5009,CRO
5010,POR
5011,BRA
5012,KOR
5013,COL
5014,GER
5015,ARG
5016,PAN
5017,RUS
5018,KSA
5019,ENG
5020,GER
5021,DEN
5022,SWE
5023,CRO
5024,FRA
5025,ENG
5026,GER
5027,BRA
5028,ARG
5029,ARG
5030,BRA
5031,GER
5032,SUI
5033,GER
5034,BRA
5035,DEN
5036,BRA
5037,POR
5038,SWE
5039,ESP
5040,COL
5041,ISL
5042,GER
5043,URU
5044,DEN
5045,SUI
5046,FRA
5047,ENG
5048,GER
5049,BRA
5050,POR
5051,SUI
5052,ARG
5053,BEL
5054,ESP
5055,ARG
5056,ENG
5057,CRO
5058,BRA
5059,PAN
5060,CRC
5061,ENG
5062,ARG
5063,BEL
5064,CRO
5065,SRB
5066,CRO
5067,ARG
5068,BRA
5069,BEL
5070,KSA
5071,GER
5072,ARG
5073,FRA
5074,RUS
5075,CRO
5076,SUI
5077,POR
5078,SEN
5079,BRA
5080,POR
5081,RUS
5082,SUI
5083,SUI
5084,ARG
5085,DEN
5086,SRB
5087,POR
5088,FRA
5089,ENG
5090,DEN
5091,ENG
5092,SUI
5093,KOR
5094,ARG
5095,BRA
5096,FRA
5097,ESP
5098,BRA
5099,RUS
5100,ARG
5101,FRA
5102,MEX
5103,ARG
5104,ENG
5105,FRA
5106,GER
5107,BRA
5108,RUS
5109,POR
5110,GER
5111,POR
5112,SUI
5113,DEN
5114,GER
5115,BRA
5116,SEN
5117,ARG
5118,BEL
5119,DEN
5120,BRA
5121,BRA
5122,MEX
5123,ARG
5124,BRA
5125,FRA
5126,JPN
5127,CRO
5128,RUS
5129,BRA
5130,POR
5131,GER
5132,BEL
5133,RUS
5134,KSA
5135,RUS
5136,KOR
5137,ARG
5138,SUI
5139,ESP
5140,BRA
5141,BEL
5142,CRO
5143,GER
5144,CRO
5145,GER
5146,BRA
5147,ISL
5148,BRA
5149,GER
5150,POR
5151,SRB
5152,AUS
5153,BRA
5154,ARG
5155,BRA
5156,KSA
5157,BRA
5158,SRB
5159,ARG
5160,SRB
5161,SWE
5162,FRA
5163,POR
5164,KSA
5165,RUS
5166,KSA
5167,ENG
5168,URU
5169,RUS
5170,ENG
5171,SWE
5172,FRA
5173,ENG
5174,SUI
5175,ARG
5176,GER
5177,ESP
5178,ARG
5179,BRA
5180,GER
5181,FRA
5182,RUS
5183,BEL
5184,POR
5185,ARG
5186,ARG
5187,RUS
5188,ENG
5189,ARG
5190,ARG
5191,COL
5192,COL
5193,RUS
5194,ENG
5195,ENG
5196,ARG
5197,ARG
5198,ARG
5199,GER
5200,POR
5201,SUI
5202,ARG
5203,RUS
5204,BRA
5205,ARG
5206,CRO
5207,ENG
5208,SUI
5209,GER
5210,IRN
5211,BRA
5212,FRA
5213,ENG
5214,FRA
5215,BRA
5216,ARG
5217,ARG
5218,ESP
5219,AUS
5220,RUS
5221,ARG
5222,FRA
5223,ENG
5224,BEL
5225,KOR
5226,ARG
5227,BRA
5228,GER
5229,POR
5230,PAN
5231,ARG
5232,BRA
5233,RUS
5234,BRA
5235,ARG
5236,KOR
5237,BRA
5238,ENG
5239,BEL
5240,ESP
5241,CRC
5242,ARG
5243,BEL
5244,BRA
5245,SUI
5246,KSA
5247,GER
5248,ARG
5249,ARG
5250,GER
5251,ENG
5252,ESP
5253,URU
5254,KSA
5255,FRA
5256,ESP
5257,SWE
5258,BRA
5259,GER
5260,COL
5261,ESP
5262,RUS
5263,RUS
5264,KSA
5265,POR
5266,GER
5267,RUS
5268,POR
5269,GER
5270,CRO
5271,MAR
5272,RUS
5273,AUS
5274,CRO
5275,ENG
5276,ESP
5277,ENG
5278,RUS
5279,SUI
5280,GER
5281,SUI
5282,BRA
5283,RUS
5284,PAN
5285,RUS
5286,CRO
5287,POR
5288,ARG
5289,MEX
5290,ISL
5291,COL
5292,BEL
5293,FRA
5294,ESP
5295,ESP
5296,ENG
5297,GER
5298,ESP
5299,ARG
5300,COL
5301,POR
5302,ESP
5303,FRA
5304,ENG
5305,GER
5306,CRO
5307,GER
5308,SUI
5309,ESP
5310,RUS
5311,FRA
5312,POR
5313,SWE
5314,BEL
5315,ENG
5316,POR
5317,RUS
5318,POL
5319,RUS
5320,ESP
5321,DEN
5322,SUI
5323,BRA
5324,SUI
5325,BEL
5326,POR
5327,COL
5328,GER
5329,GER
5330,CRC
5331,SUI
5332,SUI
5333,ARG
5334,URU
5335,BRA
5336,POR
5337,SWE
5338,RUS
5339,RUS
5340,GER
5341,ENG
5342,SUI
5343,ENG
5344,BRA
5345,ARG
5346,RUS
5347,CRO
5348,ARG
5349,ESP
5350,GER
5351,POR
5352,ARG
5353,SUI
5354,MEX
5355,URU
5356,GER
5357,URU
5358,SRB
5359,RUS
5360,ARG
5361,IRN
5362,ENG
5363,RUS
5364,DEN
5365,NGA
5366,BRA
5367,GER
5368,BRA
5369,RUS
5370,ARG
5371,BRA
5372,BRA
5373,BRA
5374,BRA
5375,GER
5376,JPN
5377,FRA
5378,BRA
5379,GER
5380,ARG
5381,URU
5382,BRA
5383,ARG
5384,BRA
5385,POR
5386,GER
5387,BRA
5388,KSA
5389,ARG
5390,ESP
5391,POR
5392,RUS
5393,ENG
5394,ESP
5395,FRA
5396,BRA
5397,SUI
5398,PAN
5399,RUS
5400,FRA
5401,BEL
5402,FRA
5403,ESP
5404,ESP
5405,CRC
5406,GER
5407,BRA
5408,BEL
5409,POR
5410,ESP
5411,SUI
5412,GER
5413,NGA
5414,GER
5415,POR
5416,BRA
5417,ARG
5418,ENG
5419,FRA
5420,BRA
5421,RUS
5422,BRA
5423,BEL
5424,BRA
5425,SWE
5426,BEL
5427,BRA
5428,POR
5429,ENG
5430,BRA
5431,GER
5432,BRA
5433,ESP
5434,BEL
5435,ENG
5436,ARG
5437,ARG
5438,ESP
5439,GER
5440,MEX
5441,CRO
5442,SRB
5443,RUS
5444,SUI
5445,ARG
5446,COL
5447,SRB
5448,IRN
5449,ARG
5450,SUI
5451,FRA
5452,POR
5453,MEX
5454,ENG
5455,BRA
5456,RUS
5457,SWE
5458,POR
5459,ENG
5460,POR
5461,CRC
5462,SUI
5463,ARG
5464,COL
5465,ARG
5466,ENG
5467,ARG
5468,BRA
5469,SUI
5470,SRB
5471,GER
5472,ARG
5473,BRA
5474,GER
5475,RUS
5476,ARG
5477,ARG
5478,ENG
5479,ENG
5480,FRA
5481,ENG
5482,SUI
5483,ARG
5484,ARG
5485,FRA
5486,KSA
5487,FRA
5488,FRA
5489,SRB
5490,SEN
5491,PER
5492,SUI
5493,BRA
5494,GER
5495,GER
5496,SUI
5497,CRO
5498,BRA
5499,RUS
5500,AUS
5501,ENG
5502,BRA
5503,ESP
5504,BRA
5505,FRA
5506,SWE
5507,FRA
5508,BRA
5509,GER
5510,GER
5511,SRB
5512,IRN
5513,GER
5514,AUS
5515,GER
5516,ENG
5517,SUI
5518,ARG
5519,MEX
5520,ENG
5521,JPN
5522,SUI
5523,NGA
5524,BRA
5525,SUI
5526,CRO
5527,SRB
5528,ESP
5529,URU
5530,BRA
5531,ESP
5532,GER
5533,ARG
5534,ESP
5535,BRA
5536,BEL
5537,POR
5538,GER
5539,BRA
5540,RUS
5541,AUS
5542,SRB
5543,ENG
5544,RUS
5545,CRC
5546,KOR
5547,ARG
5548,BEL
5549,AUS
5550,GER
5551,SUI
5552,ENG
5553,BRA
5554,GER
5555,GER
5556,ENG
5557,ESP
5558,CRO
5559,COL
5560,JPN
5561,BEL
5562,BRA
5563,URU
5564,ARG
5565,RUS
5566,ESP
5567,BRA
5568,BEL
5569,CRO
5570,BRA
5571,GER
5572,DEN
5573,GER
5574,BRA
5575,GER
5576,RUS
5577,BEL
5578,SUI
5579,POL
5580,SUI
5581,FRA
5582,SUI
5583,ARG
5584,POR
5585,GER
5586,ENG
5587,GER
5588,BRA
5589,ARG
5590,GER
5591,COL
5592,POR
5593,FRA
5594,ESP
5595,RUS
5596,BRA
5597,BRA
5598,POR
5599,ENG
5600,COL
5601,BRA
5602,FRA
5603,ESP
5604,GER
5605,GER
5606,RUS
5607,ARG
5608,JPN
5609,ARG
5610,RUS
5611,ARG
5612,BRA
5613,CRO
5614,GER
5615,GER
5616,KSA
5617,GER
5618,URU
5619,DEN
5620,BRA
5621,FRA
5622,GER
5623,ENG
5624,ESP
5625,FRA
5626,BRA
5627,ENG
5628,GER
5629,BRA
5630,COL
5631,ENG
5632,ESP
5633,BRA
5634,KSA
5635,GER
5636,ENG
5637,SUI
5638,DEN
5639,ESP
5640,BRA
5641,ENG
5642,RUS
5643,BRA
5644,ARG
5645,BRA
5646,SUI
5647,BRA
5648,ESP
5649,GER
5650,POR
5651,BRA
5652,COL
5653,ARG
5654,POL
5655,GER
5656,CRO
5657,ESP
5658,GER
5659,TUN
5660,BEL
5661,FRA
5662,RUS
5663,COL
5664,PAN
5665,BRA
5666,BRA
5667,CRO
5668,ESP
5669,ESP
5670,ESP
5671,SUI
5672,GER
5673,SUI
5674,BRA
5675,BRA
5676,ENG
5677,ARG
5678,SUI
5679,ESP
5680,ARG
5681,GER
5682,BRA
5683,RUS
5684,ENG
5685,DEN
5686,ARG
5687,SRB
5688,BRA
5689,BRA
5690,CRC
5691,BRA
5692,ENG
5693,BRA
5694,ARG
5695,BRA
5696,GER
5697,ARG
5698,CRO
5699,BRA
5700,DEN
5701,POR
5702,SRB
5703,RUS
5704,ISL
5705,SRB
5706,SUI
5707,MEX
5708,GER
5709,CRC
5710,GER
5711,BRA
5712,BRA
5713,URU
5714,POR
5715,GER
5716,BRA
5717,GER
5718,ARG
5719,ENG
5720,BEL
5721,COL
5722,POL
5723,GER
5724,GER
5725,TUN
5726,SUI
5727,POR
5728,ARG
5729,FRA
5730,ARG
5731,RUS
5732,FRA
5733,ARG
5734,GER
5735,DEN
5736,ARG
5737,KSA
5738,ESP
5739,ARG
5740,POL
5741,FRA
5742,ENG
5743,ARG
5744,ARG
5745,BRA
5746,CRO
5747,SUI
5748,KSA
5749,RUS
5750,FRA
5751,CRO
5752,POR
5753,DEN
5754,POR
5755,POR
5756,NGA
5757,ISL
5758,BRA
5759,BRA
5760,SUI
5761,DEN
5762,GER
5763,NGA
5764,ESP
5765,RUS
5766,BRA
5767,GER
5768,GER
5769,ENG
5770,POR
5771,CRO
5772,ENG
5773,KSA
5774,ARG
5775,POR
5776,ESP
5777,BEL
5778,COL
5779,ESP
5780,BRA
5781,BEL
5782,RUS
5783,ENG
5784,ARG
5785,GER
5786,KOR
5787,ENG
5788,ARG
5789,ESP
5790,ENG
5791,ARG
5792,POR
5793,POR
5794,URU
5795,BRA
5796,BRA
5797,BRA
5798,URU
5799,DEN
5800,SUI
5801,GER
5802,BRA
5803,BEL
5804,FRA
5805,GER
5806,ARG
5807,POL
5808,ESP
5809,ARG
5810,ARG
5811,SUI
5812,POR
5813,GER
5814,SUI
5815,COL
5816,SUI
5817,SUI
5818,RUS
5819,BRA
5820,GER
5821,ARG
5822,POR
5823,FRA
5824,SUI
5825,GER
5826,GER
5827,ENG
5828,BRA
5829,POL
5830,ARG
5831,ARG
5832,DEN
5833,RUS
5834,RUS
5835,GER
5836,ARG
5837,BRA
5838,GER
5839,DEN
5840,ARG
5841,ARG
5842,BRA
5843,FRA
5844,DEN
5845,RUS
5846,GER
5847,CRO
5848,FRA
5849,BRA
5850,CRO
5851,DEN
5852,POR
5853,ENG
5854,ARG
5855,ENG
5856,CRO
5857,ESP
5858,ENG
5859,POR
5860,ARG
5861,POR
5862,RUS
5863,GER
5864,BRA
5865,GER
5866,SRB
5867,ENG
5868,CRO
5869,POR
5870,POR
5871,BRA
5872,FRA
5873,ESP
5874,POR
5875,GER
5876,ENG
5877,FRA
5878,BRA
5879,URU
5880,ENG
5881,ENG
5882,POR
5883,DEN
5884,BRA
5885,SUI
5886,BEL
5887,ISL
5888,RUS
5889,KOR
5890,SWE
5891,GER
5892,SWE
5893,RUS
5894,ESP
5895,POL
5896,DEN
5897,BEL
5898,BEL
5899,POR
5900,ESP
5901,ENG
5902,JPN
5903,RUS
5904,ARG
5905,CRO
5906,ENG
5907,RUS
5908,RUS
5909,FRA
5910,ARG
5911,FRA
5912,ARG
5913,ARG
5914,BEL
5915,BEL
5916,BEL
5917,SUI
5918,BRA
5919,GER
5920,SUI
5921,SUI
5922,JPN
5923,ESP
5924,FRA
5925,ARG
5926,ARG
5927,SUI
5928,POR
5929,ESP
5930,DEN
5931,ARG
5932,COL
5933,ARG
5934,SRB
5935,BEL
5936,CRO
5937,BEL
5938,ENG
5939,POR
5940,URU
5941,FRA
5942,AUS
5943,SUI
5944,URU
5945,GER
5946,SRB
5947,ENG
5948,SUI
5949,GER
5950,RUS
5951,BRA
5952,ARG
5953,RUS
5954,BRA
5955,SRB
5956,ARG
5957,ARG
5958,ENG
5959,POR
5960,CRO
5961,ARG
5962,ENG
5963,SUI
5964,GER
5965,ARG
5966,POR
5967,GER
5968,ARG
5969,RUS
5970,ENG
5971,RUS
5972,SRB
5973,RUS
5974,SWE
5975,ARG
5976,KOR
5977,ENG
5978,POR
5979,ARG
5980,MAR
5981,RUS
5982,DEN
5983,BRA
5984,GER
5985,SUI
5986,BEL
5987,URU
5988,BEL
5989,ENG
5990,RUS
5991,SUI
5992,GER
5993,GER
5994,GER
5995,RUS
5996,RUS
5997,BRA
5998,BRA
5999,BEL
6000,POR
6001,ARG
6002,FRA
6003,ARG
6004,ARG
6005,BRA
6006,ENG
6007,KSA
6008,DEN
6009,BRA
6010,BRA
6011,BEL
6012,ARG
6013,BRA
6014,GER
6015,ENG
6016,SUI
6017,FRA
6018,ARG
6019,GER
6020,SUI
6021,FRA
6022,ESP
6023,KOR
6024,ENG
6025,ARG
6026,BRA
6027,ARG
6028,DEN
6029,SWE
6030,BRA
6031,ESP
6032,SRB
6033,SUI
6034,CRO
6035,ARG
6036,GER
6037,COL
6038,BRA
6039,RUS
6040,MEX
6041,SWE
6042,ESP
6043,RUS
6044,GER
6045,GER
6046,BRA
6047,NGA
6048,SWE
6049,ARG
6050,CRC
6051,ARG
6052,ENG
6053,POR
6054,ARG
6055,SUI
6056,ARG
6057,RUS
6058,ESP
6059,GER
6060,MEX
6061,GER
6062,GER
6063,KSA
6064,POR
6065,ENG
6066,ARG
6067,ESP
6068,GER
6069,CRO
6070,SRB
6071,GER
6072,GER
6073,RUS
6074,SRB
6075,URU
6076,CRO
6077,SRB
6078,BRA
6079,ESP
6080,RUS
6081,GER
6082,POR
6083,RUS
6084,GER
6085,ARG
6086,FRA
6087,DEN
6088,POL
6089,ARG
6090,BRA
6091,URU
6092,ENG
6093,RUS
6094,KSA
6095,POR
6096,ESP
6097,ARG
6098,POR
6099,GER
6100,GER
6101,ENG
6102,BRA
6103,BRA
6104,SUI
6105,BRA
6106,BRA
6107,ISL
6108,CRC
6109,SWE
6110,ARG
6111,SEN
6112,RUS
6113,BRA
6114,ARG
6115,GER
6116,BEL
6117,FRA
6118,DEN
6119,BRA
6120,ARG
6121,POR
6122,ESP
6123,CRO
6124,GER
6125,POL
6126,RUS
6127,SUI
6128,GER
6129,FRA
6130,MEX
6131,BRA
6132,BRA
6133,RUS
6134,IRN
6135,IRN
6136,FRA
6137,SUI
6138,SWE
6139,BEL
6140,POR
6141,BRA
6142,ARG
6143,BRA
6144,RUS
6145,DEN
6146,JPN
6147,GER
6148,CRO
6149,POR
6150,URU
6151,POL
6152,ISL
6153,BRA
6154,POR
6155,ENG
6156,BRA
6157,BEL
6158,RUS
6159,RUS
6160,ARG
6161,ENG
6162,ARG
6163,SWE
6164,ESP
6165,BRA
6166,ARG
6167,TUN
6168,BEL
6169,BEL
6170,SWE
6171,COL
6172,ARG
6173,POL
6174,ESP
6175,ENG
6176,JPN
6177,POR
6178,JPN
6179,BEL
6180,RUS
6181,ENG
6182,POL
6183,ENG
6184,RUS
6185,CRO
6186,ARG
6187,FRA
6188,KSA
6189,BRA
6190,POR
6191,POR
6192,SRB
6193,CRC
6194,SUI
6195,SWE
6196,BEL
6197,ARG
6198,CRO
6199,ENG
6200,POL
6201,RUS
6202,ENG
6203,FRA
6204,ISL
6205,ARG
6206,RUS
6207,ESP
6208,ESP
6209,ESP
6210,GER
6211,AUS
6212,ESP
6213,ENG
6214,GER
6215,BRA
6216,SRB
6217,ENG
6218,BEL
6219,ARG
6220,FRA
6221,ESP
6222,FRA
6223,ARG
6224,GER
6225,BRA
6226,ARG
6227,BEL
6228,COL
6229,SUI
6230,AUS
6231,KOR
6232,BRA
6233,ARG
6234,FRA
6235,BRA
6236,BRA
6237,BRA
6238,RUS
6239,POR
6240,GER
6241,ESP
6242,BEL
6243,POR
6244,ESP
6245,RUS
6246,ENG
6247,BEL
6248,ARG
6249,RUS
6250,SWE
6251,RUS
6252,SRB
6253,SUI
6254,GER
6255,ARG
6256,DEN
6257,SUI
6258,ARG
6259,ESP
6260,ESP
6261,ARG
6262,POR
6263,ESP
6264,POR
6265,TUN
6266,SWE
6267,SUI
6268,RUS
6269,BEL
6270,ARG
6271,POR
6272,FRA
6273,BEL
6274,RUS
6275,ENG
6276,GER
6277,ARG
6278,RUS
6279,POR
6280,BRA
6281,POR
6282,FRA
6283,IRN
6284,POR
6285,FRA
6286,FRA
6287,BEL
6288,RUS
6289,POR
6290,RUS
6291,ARG
6292,POR
6293,FRA
6294,ENG
6295,ARG
6296,TUN
6297,ARG
6298,ESP
6299,ESP
6300,BRA
6301,BEL
6302,RUS
6303,CRO
6304,FRA
6305,SUI
6306,ENG
6307,DEN
6308,ENG
6309,SUI
6310,GER
6311,RUS
6312,SUI
6313,GER
6314,ARG
6315,FRA
6316,ENG
6317,URU
6318,RUS
6319,ENG
6320,ESP
6321,BRA
6322,ARG
6323,SRB
6324,FRA
6325,FRA
6326,SUI
6327,URU
6328,ENG
6329,CRO
6330,BRA
6331,CRO
6332,AUS
6333,POR
6334,ESP
6335,ARG
6336,BRA
6337,ESP
6338,ESP
6339,ARG
6340,SRB
6341,SEN
6342,ESP
6343,POR
6344,CRO
6345,ENG
6346,MEX
6347,BRA
6348,GER
6349,ESP
6350,ARG
6351,ARG
6352,FRA
6353,SEN
6354,FRA
6355,SUI
6356,COL
6357,BEL
6358,CRC
6359,BRA
6360,SRB
6361,GER
6362,ENG
6363,FRA
6364,BRA
6365,SUI
6366,GER
6367,SWE
6368,POR
6369,ARG
6370,ENG
6371,BRA
6372,NGA
6373,GER
6374,GER
6375,CRO
6376,FRA
6377,ARG
6378,ESP
6379,BRA
6380,MEX
6381,ENG
6382,ENG
6383,CRO
6384,ARG
6385,ARG
6386,POL
6387,FRA
6388,KSA
6389,RUS
6390,BRA
6391,ARG
6392,ARG
6393,RUS
6394,BEL
6395,BRA
6396,ESP
6397,SEN
6398,CRO
6399,GER
6400,POR
6401,POR
6402,FRA
6403,BRA
6404,DEN
6405,SUI
6406,BRA
6407,RUS
6408,DEN
6409,SWE
6410,ARG
6411,ENG
6412,COL
6413,BRA
6414,GER
6415,SRB
6416,POR
6417,POR
6418,ARG
6419,POR
6420,POR
6421,POR
6422,KSA
6423,ARG
6424,ESP
6425,KSA
6426,FRA
6427,DEN
6428,ENG
6429,ENG
6430,BEL
6431,ESP
6432,ENG
6433,GER
6434,SWE
6435,SUI
6436,BRA
6437,DEN
6438,DEN
6439,CRO
6440,ARG
6441,RUS
6442,ISL
6443,SWE
6444,SWE
6445,RUS
6446,FRA
6447,BRA
6448,ESP
6449,BEL
6450,AUS
6451,GER
6452,BRA
6453,BRA
6454,ARG
6455,ARG
6456,ESP
6457,CRC
6458,ESP
6459,FRA
6460,RUS
6461,POL
6462,ARG
6463,ARG
6464,GER
6465,CRO
6466,SEN
6467,NGA
6468,CRO
6469,GER
6470,BRA
6471,BRA
6472,BRA
6473,CRO
6474,BEL
6475,ARG
6476,ENG
6477,BEL
6478,GER
6479,RUS
6480,BEL
6481,ARG
6482,RUS
6483,GER
6484,PAN
6485,RUS
6486,BRA
6487,ESP
6488,KOR
6489,KSA
6490,JPN
6491,POR
6492,BRA
6493,SWE
6494,ENG
6495,POR
6496,ESP
6497,POR
6498,CRO
6499,RUS
6500,DEN
6501,JPN
6502,ARG
6503,FRA
6504,ARG
6505,ARG
6506,BRA
6507,SUI
6508,GER
6509,FRA
6510,BEL
6511,SRB
6512,MAR
6513,SRB
6514,BRA
6515,BEL
6516,ENG
6517,ARG
6518,SRB
6519,CRO
6520,BEL
6521,COL
6522,POR
6523,ESP
6524,ARG
6525,CRO
6526,GER
6527,ARG
6528,BRA
6529,ESP
6530,GER
6531,GER
6532,FRA
6533,POR
6534,IRN
6535,ENG
6536,ENG
6537,POR
6538,SUI
6539,GER
6540,CRO
6541,DEN
6542,RUS
6543,BRA
6544,BRA
6545,ESP
6546,POR
6547,SUI
6548,BRA
6549,RUS
6550,ESP
6551,CRC
6552,ARG
6553,BRA
6554,ARG
6555,ARG
6556,ENG
6557,RUS
6558,RUS
6559,ARG
6560,MEX
6561,BRA
6562,SWE
6563,ARG
6564,ARG
6565,BRA
6566,FRA
6567,ARG
6568,POR
6569,GER
6570,BRA
6571,BRA
6572,SRB
6573,RUS
6574,JPN
6575,RUS
6576,BRA
6577,COL
6578,COL
6579,ENG
6580,CRC
6581,GER
6582,BRA
6583,SWE
6584,SUI
6585,COL
6586,FRA
6587,GER
6588,CRO
6589,POR
6590,ENG
6591,ARG
6592,RUS
6593,RUS
6594,GER
6595,ENG
6596,DEN
6597,BEL
6598,ESP
6599,ESP
6600,BRA
6601,GER
6602,MEX
6603,BRA
6604,ARG
6605,ARG
6606,ENG
6607,TUN
6608,BEL
6609,FRA
6610,CRO
6611,AUS
6612,POR
6613,RUS
6614,SRB
6615,ENG
6616,POR
6617,GER
6618,ARG
6619,BRA
6620,RUS
6621,BRA
6622,BEL
6623,ARG
6624,FRA
6625,FRA
6626,ARG
6627,BRA
6628,GER
6629,GER
6630,DEN
6631,ENG
6632,FRA
6633,GER
6634,GER
6635,MEX
6636,RUS
6637,ESP
6638,POR
6639,SUI
6640,ENG
6641,CRO
6642,URU
6643,DEN
6644,RUS
6645,POR
6646,FRA
6647,GER
6648,CRO
6649,DEN
6650,FRA
6651,BEL
6652,POL
6653,BEL
6654,DEN
6655,ENG
6656,CRO
6657,SWE
6658,GER
6659,POR
6660,POR
6661,POR
6662,SRB
6663,FRA
6664,ENG
6665,FRA
6666,SWE
6667,ENG
6668,POL
6669,BEL
6670,RUS
6671,BRA
6672,ARG
6673,RUS
6674,ARG
6675,SRB
6676,POR
6677,POR
6678,BEL
6679,BRA
6680,ARG
6681,ESP
6682,ENG
6683,FRA
6684,GER
6685,GER
6686,CRC
6687,ARG
6688,ARG
6689,RUS
6690,SUI
6691,BRA
6692,COL
6693,DEN
6694,ARG
6695,DEN
6696,ESP
6697,POR
6698,BRA
6699,BEL
6700,COL
6701,BEL
6702,DEN
6703,ESP
6704,BEL
6705,SWE
6706,BRA
6707,CRO
6708,BRA
6709,ARG
6710,SRB
6711,SRB
6712,GER
6713,CRC
6714,NGA
6715,POR
6716,URU
6717,BRA
6718,GER
6719,ESP
6720,POR
6721,ARG
6722,CRO
6723,MAR
6724,GER
6725,GER
6726,POR
6727,POR
6728,DEN
6729,ENG
6730,GER
6731,ARG
6732,BEL
6733,TUN
6734,ARG
6735,RUS
6736,JPN
6737,BEL
6738,RUS
6739,ENG
6740,FRA
6741,SWE
6742,RUS
6743,SUI
6744,POR
6745,URU
6746,RUS
6747,POR
6748,DEN
6749,SUI
6750,KSA
6751,POR
6752,FRA
6753,ENG
6754,SWE
6755,ARG
6756,ARG
6757,ENG
6758,SRB
6759,CRO
6760,ARG
6761,RUS
6762,POR
6763,ARG
6764,CRO
6765,DEN
6766,ENG
6767,POL
6768,POR
6769,RUS
6770,FRA
6771,CRO
6772,ENG
6773,CRO
6774,SRB
6775,ARG
6776,CRO
6777,GER
6778,POR
6779,ARG
6780,RUS
6781,MEX
6782,URU
6783,FRA
6784,ARG
6785,BRA
6786,ENG
6787,BRA
6788,POR
6789,POR
6790,BRA
6791,ARG
6792,FRA
6793,COL
6794,GER
6795,ARG
6796,GER
6797,BRA
6798,BRA
6799,POR
6800,BRA
6801,CRO
6802,POR
6803,GER
6804,GER
6805,ARG
6806,RUS
6807,BRA
6808,BRA
6809,GER
6810,RUS
6811,GER
6812,BEL
6813,ARG
6814,GER
6815,ENG
6816,ESP
6817,BRA
6818,SUI
6819,BRA
6820,BRA
6821,ENG
6822,BRA
6823,BRA
6824,BRA
6825,SRB
6826,ESP
6827,POR
6828,RUS
6829,ESP
6830,BEL
6831,ESP
6832,POR
6833,GER
6834,FRA
6835,RUS
6836,CRO
6837,GER
6838,COL
6839,POR
6840,SUI
6841,FRA
6842,SUI
6843,KOR
6844,MEX
6845,POR
6846,GER
6847,CRC
6848,POR
6849,ENG
6850,POR
6851,FRA
6852,ENG
6853,MEX
6854,BEL
6855,ARG
6856,RUS
6857,BRA
6858,BRA
6859,BRA
6860,GER
6861,GER
6862,CRO
6863,GER
6864,BEL
6865,ESP
6866,POR
6867,GER
6868,ISL
6869,DEN
6870,ESP
6871,FRA
6872,ENG
6873,GER
6874,KSA
6875,POR
6876,ENG
6877,ENG
6878,POR
6879,MEX
6880,SWE
6881,BRA
6882,KOR
6883,DEN
6884,GER
6885,POR
6886,BRA
6887,ENG
6888,ARG
6889,BEL
6890,ARG
6891,ARG
6892,SEN
6893,BEL
6894,IRN
6895,ESP
6896,BRA
6897,ENG
6898,ARG
6899,GER
6900,MEX
6901,RUS
6902,RUS
6903,FRA
6904,ESP
6905,BEL
6906,POR
6907,DEN
6908,POR
6909,BRA
6910,RUS
6911,COL
6912,MEX
6913,BRA
6914,BRA
6915,BRA
6916,GER
6917,BRA
6918,ESP
6919,ARG
6920,GER
6921,AUS
6922,CRO
6923,ESP
6924,ARG
6925,FRA
6926,GER
6927,RUS
6928,ARG
6929,GER
6930,ARG
6931,GER
6932,ENG
6933,SRB
6934,RUS
6935,FRA
6936,ARG
6937,CRC
6938,CRO
6939,ESP
6940,RUS
6941,RUS
6942,ESP
6943,SRB
6944,CRC
6945,CRO
6946,BRA
6947,SUI
6948,FRA
6949,SWE
6950,ENG
6951,POR
6952,GER
6953,BEL
6954,AUS
6955,FRA
6956,ARG
6957,ENG
6958,BRA
6959,BEL
6960,GER
6961,FRA
6962,SWE
6963,SUI
6964,GER
6965,BRA
6966,BEL
6967,ENG
6968,DEN
6969,BEL
6970,URU
6971,BRA
6972,BRA
6973,CRO
6974,POR
6975,BEL
6976,GER
6977,RUS
6978,RUS
6979,ESP
6980,RUS
6981,IRN
6982,ARG
6983,DEN
6984,DEN
6985,BRA
6986,BRA
6987,ARG
6988,BRA
6989,BRA
6990,RUS
6991,ENG
6992,ESP
6993,BRA
6994,BEL
6995,ESP
6996,FRA
6997,ENG
6998,POR
6999,POR
7000,ARG
7001,GER
7002,FRA
7003,SRB
7004,BRA
7005,BRA
7006,ARG
7007,ENG
7008,SUI
7009,BEL
7010,POR
7011,COL
7012,ESP
7013,COL
7014,CRO
7015,ARG
7016,POR
7017,ARG
7018,GER
7019,IRN
7020,POR
7021,POR
7022,FRA
7023,ENG
7024,POR
7025,DEN
7026,ESP
7027,GER
7028,ENG
7029,BRA
7030,SUI
7031,ARG
7032,TUN
7033,BRA
7034,POR
7035,RUS
7036,GER
7037,RUS
7038,COL
7039,RUS
7040,ARG
7041,CRO
7042,BRA
7043,POR
7044,GER
7045,ESP
7046,ENG
7047,SWE
7048,ESP
7049,RUS
7050,DEN
7051,POR
7052,POR
7053,ARG
7054,POR
7055,RUS
7056,RUS
7057,URU
7058,COL
7059,CRO
7060,ARG
7061,BRA
7062,POR
7063,CRO
7064,SUI
7065,POR
7066,ESP
7067,SWE
7068,ESP
7069,GER
7070,BEL
7071,RUS
7072,URU
7073,POR
7074,BEL
7075,POR
7076,BEL
7077,ESP
7078,GER
7079,SRB
7080,GER
7081,RUS
7082,ESP
7083,ESP
7084,DEN
7085,ENG
7086,FRA
7087,CRO
7088,BEL
7089,RUS
7090,ENG
7091,POR
7092,ARG
7093,GER
7094,POR
7095,ESP
7096,RUS
7097,JPN
7098,SRB
7099,SWE
7100,ESP
7101,GER
7102,DEN
7103,BRA
7104,FRA
7105,RUS
7106,DEN
7107,SUI
7108,BRA
7109,BRA
7110,FRA
7111,GER
7112,SRB
7113,FRA
7114,ARG
7115,POL
7116,ENG
7117,GER
7118,COL
7119,FRA
7120,GER
7121,KOR
7122,POR
7123,SRB
7124,RUS
7125,ARG
7126,POR
7127,MEX
7128,GER
7129,SUI
7130,ENG
7131,ARG
7132,RUS
7133,BRA
7134,GER
7135,GER
7136,BRA
7137,ARG
7138,FRA
7139,RUS
7140,BEL
7141,FRA
7142,GER
7143,ARG
7144,KOR
7145,POR
7146,ARG
7147,ARG
7148,SWE
7149,BRA
7150,RUS
7151,BRA
7152,ARG
7153,RUS
7154,ARG
7155,FRA
7156,RUS
7157,GER
7158,BEL
7159,RUS
7160,DEN
7161,RUS
7162,URU
7163,ARG
7164,ENG
7165,COL
7166,SWE
7167,CRO
7168,BRA
7169,GER
7170,FRA
7171,RUS
7172,SUI
7173,BRA
7174,FRA
7175,SUI
7176,ARG
7177,URU
7178,BRA
7179,BRA
7180,SEN
7181,BRA
7182,BRA
7183,GER
7184,ARG
7185,ESP
7186,FRA
7187,BRA
7188,FRA
7189,ISL
7190,RUS
7191,CRO
7192,RUS
7193,ENG
7194,PAN
7195,GER
7196,GER
7197,ESP
7198,RUS
7199,ARG
7200,CRO
7201,ENG
7202,AUS
7203,COL
7204,RUS
7205,GER
7206,ENG
7207,GER
7208,DEN
7209,ESP
7210,CRO
7211,FRA
7212,POR
7213,GER
7214,RUS
7215,ARG
7216,ARG
7217,GER
7218,BRA
7219,CRC
7220,RUS
7221,COL
7222,GER
7223,SUI
7224,SRB
7225,RUS
7226,COL
7227,RUS
7228,BRA
7229,CRO
7230,IRN
7231,KOR
7232,POL
7233,GER
7234,GER
7235,IRN
7236,TUN
7237,GER
7238,RUS
7239,FRA
7240,BRA
7241,ENG
7242,FRA
7243,JPN
7244,CRO
7245,ARG
7246,BEL
7247,BRA
7248,POR
7249,ARG
7250,MEX
7251,ARG
7252,POR
7253,CRO
7254,AUS
7255,GER
7256,FRA
7257,KSA
7258,ENG
7259,ARG
7260,RUS
7261,GER
7262,SRB
7263,GER
7264,POR
7265,RUS
7266,AUS
7267,SUI
7268,ARG
7269,FRA
7270,CRO
7271,GER
7272,ARG
7273,BRA
7274,MEX
7275,BEL
7276,ARG
7277,SRB
7278,RUS
7279,CRO
7280,SUI
7281,ARG
7282,GER
7283,ARG
7284,SEN
7285,ARG
7286,ESP
7287,SUI
7288,ENG
7289,ESP
7290,BRA
7291,URU
7292,ESP
7293,GER
7294,BRA
7295,BRA
7296,SRB
7297,GER
7298,POR
7299,GER
7300,ENG
7301,BRA
7302,RUS
7303,ARG
7304,BRA
7305,ARG
7306,ENG
7307,SUI
7308,JPN
7309,BRA
7310,CRO
7311,ENG
7312,ARG
7313,POR
7314,ESP
7315,IRN
7316,CRO
7317,POL
7318,SUI
7319,ARG
7320,COL
7321,POR
7322,FRA
7323,ISL
7324,ESP
7325,GER
7326,GER
7327,RUS
7328,IRN
7329,ARG
7330,CRO
7331,ARG
7332,FRA
7333,AUS
7334,FRA
7335,BRA
7336,ARG
7337,POR
7338,CRO
7339,RUS
7340,BRA
7341,ENG
7342,RUS
7343,POR
7344,ENG
7345,BRA
7346,BRA
7347,BRA
7348,BRA
7349,RUS
7350,POL
7351,GER
7352,FRA
7353,ESP
7354,ESP
7355,ARG
7356,BRA
7357,SRB
7358,BRA
7359,ARG
7360,POR
7361,GER
7362,RUS
7363,SWE
7364,POR
7365,SRB
7366,BRA
7367,FRA
7368,FRA
7369,ARG
7370,ARG
7371,SUI
7372,RUS
7373,ARG
7374,PER
7375,RUS
7376,AUS
7377,POR
7378,GER
7379,SUI
7380,GER
7381,ARG
7382,POL
7383,SRB
7384,ARG
7385,ARG
7386,AUS
7387,ARG
7388,ARG
7389,BRA
7390,ENG
7391,BRA
7392,RUS
7393,SUI
7394,ARG
7395,COL
7396,GER
7397,ARG
7398,ARG
7399,FRA
7400,COL
7401,BRA
7402,FRA
7403,POR
7404,ESP
7405,BRA
7406,COL
7407,POR
7408,ARG
7409,KSA
7410,RUS
7411,ENG
7412,KSA
7413,SUI
7414,BRA
7415,DEN
7416,BEL
7417,FRA
7418,ARG
7419,DEN
7420,CRC
7421,AUS
7422,ESP
7423,SWE
7424,POR
7425,FRA
7426,ESP
7427,POR
7428,ENG
7429,GER
7430,GER
7431,BRA
7432,RUS
7433,GER
7434,ENG
7435,BRA
7436,GER
7437,POR
7438,ARG
7439,KSA
7440,BEL
7441,ESP
7442,ENG
7443,POR
7444,FRA
7445,POR
7446,ENG
7447,ENG
7448,ENG
7449,GER
7450,BRA
7451,SWE
7452,POR
7453,RUS
7454,GER
7455,RUS
7456,URU
7457,GER
7458,SRB
7459,MEX
7460,DEN
7461,FRA
7462,GER
7463,BRA
7464,SRB
7465,SWE
7466,ARG
7467,ESP
7468,GER
7469,RUS
7470,POR
7471,RUS
7472,BRA
7473,RUS
7474,BRA
7475,GER
7476,RUS
7477,IRN
7478,POR
7479,CRO
7480,ARG
7481,FRA
7482,ARG
7483,FRA
7484,GER
7485,GER
7486,SRB
7487,MEX
7488,MEX
7489,ENG
7490,POR
7491,ARG
7492,SUI
7493,POR
7494,RUS
7495,GER
7496,BRA
7497,ARG
7498,DEN
7499,BEL
7500,SUI
7501,ARG
7502,FRA
7503,ENG
7504,CRO
7505,POR
7506,POR
7507,GER
7508,BRA
7509,KOR
7510,CRO
7511,GER
7512,ENG
7513,RUS
7514,BRA
7515,DEN
7516,RUS
7517,ENG
7518,CRO
7519,CRO
7520,ARG
7521,POR
7522,CRO
7523,KSA
7524,ARG
7525,COL
7526,ARG
7527,RUS
7528,POR
7529,COL
7530,CRO
7531,ARG
7532,COL
7533,BRA
7534,POR
7535,RUS
7536,COL
7537,BRA
7538,BRA
7539,RUS
7540,ENG
7541,MAR
7542,SUI
7543,POR
7544,DEN
7545,BRA
7546,SUI
7547,ENG
7548,DEN
7549,POR
7550,NGA
7551,ESP
7552,ENG
7553,BRA
7554,BEL
7555,POR
7556,RUS
7557,EGY
7558,FRA
7559,CRO
7560,BRA
7561,GER
7562,DEN
7563,IRN
7564,BEL
7565,POL
7566,ENG
7567,BRA
7568,SRB
7569,ESP
7570,GER
7571,RUS
7572,RUS
7573,SUI
7574,ARG
7575,ESP
7576,FRA
7577,MEX
7578,KSA
7579,ESP
7580,ARG
7581,BRA
7582,ARG
7583,RUS
7584,ARG
7585,GER
7586,BRA
7587,SUI
7588,BEL
7589,ENG
7590,ARG
7591,ESP
7592,SUI
7593,SUI
7594,ENG
7595,FRA
7596,FRA
7597,ESP
7598,SRB
7599,GER
7600,CRO
7601,BRA
7602,ENG
7603,POR
7604,ENG
7605,SUI
7606,CRO
7607,BEL
7608,BRA
7609,FRA
7610,ARG
7611,RUS
7612,POR
7613,FRA
7614,ARG
7615,DEN
7616,ARG
7617,BRA
7618,GER
7619,ENG
7620,DEN
7621,GER
7622,GER
7623,CRO
7624,ARG
7625,BEL
7626,GER
7627,SWE
7628,DEN
7629,BRA
7630,FRA
7631,ESP
7632,ARG
7633,CRO
7634,BRA
7635,BRA
7636,GER
7637,BRA
7638,RUS
7639,CRO
7640,POL
7641,BRA
7642,POR
7643,BEL
7644,ENG
7645,POR
7646,COL
7647,BRA
7648,URU
7649,DEN
7650,GER
7651,GER
7652,BRA
7653,ESP
7654,RUS
7655,ARG
7656,PAN
7657,POR
7658,COL
7659,FRA
7660,ARG
7661,GER
7662,SWE
7663,ARG
7664,RUS
7665,URU
7666,DEN
7667,ARG
7668,BEL
7669,ARG
7670,BRA
7671,ENG
7672,FRA
7673,ARG
7674,RUS
7675,IRN
7676,ENG
7677,ISL
7678,BEL
7679,CRO
7680,ESP
7681,GER
7682,BRA
7683,GER
7684,ARG
7685,FRA
7686,ESP
7687,ARG
7688,POR
7689,POR
7690,ARG
7691,RUS
7692,POR
7693,GER
7694,RUS
7695,BRA
7696,POR
7697,GER
7698,ENG
7699,SEN
7700,DEN
7701,ARG
7702,CRC
7703,RUS
7704,POR
7705,POR
7706,URU
7707,RUS
7708,CRO
7709,FRA
7710,GER
7711,GER
7712,GER
7713,ARG
7714,SUI
7715,FRA
7716,RUS
7717,ENG
7718,FRA
7719,CRO
7720,ARG
7721,RUS
7722,IRN
7723,ESP
7724,URU
7725,BRA
7726,GER
7727,RUS
7728,BRA
7729,KSA
7730,ARG
7731,SRB
7732,ENG
7733,BRA
7734,URU
7735,GER
7736,ARG
7737,FRA
7738,ARG
7739,SUI
7740,ENG
7741,BRA
7742,DEN
7743,JPN
7744,GER
7745,POR
7746,FRA
7747,ISL
7748,ESP
7749,COL
7750,RUS
7751,RUS
7752,GER
7753,POL
7754,ENG
7755,ENG
7756,RUS
7757,SUI
7758,ENG
7759,POR
7760,ARG
7761,ARG
7762,MEX
7763,IRN
7764,ENG
7765,BRA
7766,ARG
7767,SUI
7768,ESP
7769,AUS
7770,DEN
7771,SUI
7772,BEL
7773,ARG
7774,POR
7775,FRA
7776,RUS
7777,GER
7778,PAN
7779,ESP
7780,BRA
7781,ESP
7782,GER
7783,CRO
7784,GER
7785,ESP
7786,ARG
7787,SUI
7788,RUS
7789,RUS
7790,ARG
7791,ESP
7792,SUI
7793,GER
7794,ENG
7795,GER
7796,ESP
7797,FRA
7798,GER
7799,GER
7800,ARG
7801,IRN
7802,ARG
7803,BRA
7804,ARG
7805,BRA
7806,POR
7807,GER
7808,BRA
7809,SEN
7810,ENG
7811,GER
7812,URU
7813,RUS
7814,POL
7815,BEL
7816,CRO
7817,FRA
7818,JPN
7819,COL
7820,ARG
7821,GER
7822,FRA
7823,BRA
7824,ENG
7825,CRO
7826,SUI
7827,ARG
7828,POR
7829,GER
7830,GER
7831,ARG
7832,CRO
7833,DEN
7834,BRA
7835,GER
7836,SUI
7837,POR
7838,ARG
7839,IRN
7840,ESP
7841,ARG
7842,DEN
7843,RUS
7844,RUS
7845,RUS
7846,GER
7847,ARG
7848,RUS
7849,GER
7850,ARG
7851,RUS
7852,POR
7853,POR
7854,ARG
7855,POR
7856,ENG
7857,POR
7858,GER
7859,SRB
7860,BRA
7861,ESP
7862,ARG
7863,BEL
7864,RUS
7865,GER
7866,URU
7867,DEN
7868,RUS
7869,GER
7870,SRB
7871,ENG
7872,SUI
7873,ESP
7874,PAN
7875,PAN
7876,BRA
7877,ARG
7878,SUI
7879,ENG
7880,SUI
7881,RUS
7882,ENG
7883,POR
7884,POR
7885,JPN
7886,RUS
7887,AUS
7888,ESP
7889,GER
7890,RUS
7891,DEN
7892,CRO
7893,POR
7894,BRA
7895,DEN
7896,AUS
7897,BRA
7898,BRA
7899,ENG
7900,POR
7901,FRA
7902,POR
7903,ARG
7904,MEX
7905,GER
7906,BRA
7907,ARG
7908,BRA
7909,POL
7910,KOR
7911,BRA
7912,GER
7913,ARG
7914,ESP
7915,BRA
7916,POR
7917,BRA
7918,SWE
7919,BRA
7920,ESP
7921,MEX
7922,SUI
7923,IRN
7924,GER
7925,SRB
7926,JPN
7927,CRO
7928,ARG
7929,POR
7930,ENG
7931,POR
7932,CRC
7933,ESP
7934,BRA
7935,ESP
7936,ARG
7937,ENG
7938,POR
7939,FRA
7940,ARG
7941,NGA
7942,POL
7943,BRA
7944,FRA
7945,SWE
7946,ARG
7947,MEX
7948,FRA
7949,SUI
7950,ESP
7951,KOR
7952,COL
7953,ESP
7954,BRA
7955,GER
7956,ESP
7957,ESP
7958,FRA
7959,SUI
7960,ARG
7961,RUS
7962,ESP
7963,GER
7964,BRA
7965,KOR
7966,BRA
7967,BRA
7968,BRA
7969,SUI
7970,GER
7971,ENG
7972,BRA
7973,BRA
7974,GER
7975,GER
7976,GER
7977,GER
7978,GER
7979,EGY
7980,GER
7981,BRA
7982,ARG
7983,POR
7984,ARG
7985,ARG
7986,BRA
7987,SRB
7988,BRA
7989,SUI
7990,URU
7991,ESP
7992,BRA
7993,MEX
7994,SUI
7995,FRA
7996,BRA
7997,BRA
7998,FRA
7999,ARG
8000,EGY
8001,KSA
8002,ENG
8003,SWE
8004,URU
8005,ARG
8006,BEL
8007,BRA
8008,MEX
8009,ENG
8010,ARG
8011,GER
8012,RUS
8013,BRA
8014,SUI
8015,GER
8016,SUI
8017,SRB
8018,ARG
8019,DEN
8020,FRA
8021,SUI
8022,SUI
8023,MEX
8024,ARG
8025,ARG
8026,FRA
8027,SUI
8028,SUI
8029,BEL
8030,GER
8031,GER
8032,SUI
8033,EGY
8034,BRA
8035,FRA
8036,BRA
8037,ARG
8038,BRA
8039,POR
8040,SUI
8041,ESP
8042,MEX
8043,BRA
8044,RUS
8045,BRA
8046,ESP
8047,BEL
8048,BEL
8049,ARG
8050,FRA
8051,GER
8052,ENG
8053,MEX
8054,ARG
8055,NGA
8056,POL
8057,CRO
8058,ARG
8059,ARG
8060,RUS
8061,GER
8062,ENG
8063,BRA
8064,ARG
8065,EGY
8066,KOR
8067,ESP
8068,BRA
8069,BRA
8070,RUS
8071,POR
8072,ARG
8073,GER
8074,BRA
8075,POR
8076,ENG
8077,MEX
8078,SUI
8079,ARG
8080,RUS
8081,GER
8082,SWE
8083,SWE
8084,CRO
8085,GER
8086,FRA
8087,RUS
8088,POL
8089,ENG
8090,GER
8091,BRA
8092,POR
8093,KOR
8094,BRA
8095,POL
8096,DEN
8097,CRO
8098,KSA
8099,POR
8100,CRO
8101,ARG
8102,TUN
8103,ARG
8104,MEX
8105,ESP
8106,ENG
8107,RUS
8108,BRA
8109,ARG
8110,BRA
8111,ESP
8112,IRN
8113,ENG
8114,RUS
8115,BRA
8116,ENG
8117,SUI
8118,GER
8119,BRA
8120,COL
8121,CRO
8122,ARG
8123,FRA
8124,BRA
8125,BRA
8126,ARG
8127,ARG
8128,RUS
8129,FRA
8130,BRA
8131,ESP
8132,FRA
8133,ARG
8134,POR
8135,ENG
8136,ARG
8137,RUS
8138,FRA
8139,BRA
8140,ESP
8141,RUS
8142,ESP
8143,ARG
8144,CRO
8145,RUS
8146,ARG
8147,GER
8148,ARG
8149,FRA
8150,IRN
8151,GER
8152,RUS
8153,BEL
8154,ARG
8155,FRA
8156,POR
8157,BRA
8158,GER
8159,ARG
8160,KSA
8161,ARG
8162,ESP
8163,SUI
8164,BRA
8165,SUI
8166,ARG
8167,SUI
8168,ENG
8169,BRA
8170,SUI
8171,RUS
8172,RUS
8173,FRA
8174,CRO
8175,ENG
8176,FRA
8177,GER
8178,BRA
8179,ENG
8180,POR
8181,POR
8182,BEL
8183,ESP
8184,FRA
8185,CRO
8186,BRA
8187,BEL
8188,URU
8189,COL
8190,SUI
8191,IRN
8192,GER
8193,ESP
8194,POR
8195,DEN
8196,DEN
8197,ENG
8198,BRA
8199,COL
8200,GER
8201,FRA
8202,BRA
8203,CRO
8204,GER
8205,RUS
8206,CRO
8207,POR
8208,MEX
8209,FRA
8210,SUI
8211,BRA
8212,URU
8213,MEX
8214,SRB
8215,SUI
8216,GER
8217,POR
8218,ESP
8219,EGY
8220,SUI
8221,GER
8222,ARG
8223,RUS
8224,GER
8225,SUI
8226,COL
8227,GER
8228,SUI
8229,DEN
8230,ESP
8231,POR
8232,POR
8233,AUS
8234,CRO
8235,MEX
8236,RUS
8237,CRO
8238,BRA
8239,GER
8240,PAN
8241,ARG
8242,BRA
8243,ENG
8244,ENG
8245,URU
8246,ARG
8247,DEN
8248,BRA
8249,SUI
8250,BRA
8251,BRA
8252,COL
8253,RUS
8254,ENG
8255,RUS
8256,BEL
8257,RUS
8258,KOR
8259,POR
8260,BRA
8261,GER
8262,FRA
8263,KSA
8264,BRA
8265,FRA
8266,RUS
8267,RUS
8268,KOR
8269,ENG
8270,POR
8271,NGA
8272,ENG
8273,FRA
8274,SUI
8275,ENG
8276,FRA
8277,DEN
8278,ARG
8279,RUS
8280,ARG
8281,SUI
8282,ENG
8283,RUS
8284,SUI
8285,COL
8286,RUS
8287,URU
8288,FRA
8289,RUS
8290,SUI
8291,ESP
8292,SUI
8293,FRA
8294,MEX
8295,BEL
8296,ARG
8297,SUI
8298,GER
8299,CRO
8300,GER
8301,POL
8302,GER
8303,ARG
8304,RUS
8305,ARG
8306,FRA
8307,BRA
8308,ESP
8309,SRB
8310,FRA
8311,JPN
8312,FRA
8313,ENG
8314,KOR
8315,ENG
8316,SUI
8317,ESP
8318,GER
8319,SUI
8320,SWE
8321,RUS
8322,RUS
8323,BEL
8324,GER
8325,BRA
8326,ARG
8327,SUI
8328,CRO
8329,POR
8330,CRC
8331,MEX
8332,POR
8333,BEL
8334,BRA
8335,RUS
8336,CRO
8337,MEX
8338,BRA
8339,FRA
8340,ARG
8341,BRA
8342,SUI
8343,ARG
8344,POR
8345,ENG
8346,ENG
8347,BRA
8348,ESP
8349,FRA
8350,BEL
8351,ARG
8352,SUI
8353,ENG
8354,POR
8355,GER
8356,ENG
8357,RUS
8358,RUS
8359,SRB
8360,ARG
8361,ARG
8362,GER
8363,POR
8364,POL
8365,ESP
8366,ESP
8367,ARG
8368,BEL
8369,POR
8370,RUS
8371,RUS
8372,ARG
8373,ARG
8374,GER
8375,POR
8376,ENG
8377,FRA
8378,BRA
8379,BEL
8380,CRC
8381,RUS
8382,RUS
8383,DEN
8384,BRA
8385,RUS
8386,ESP
8387,ARG
8388,NGA
8389,GER
8390,BEL
8391,GER
8392,ARG
8393,BEL
8394,ESP
8395,CRO
8396,GER
8397,ENG
8398,ARG
8399,ENG
8400,KOR
8401,POR
8402,BRA
8403,BRA
8404,POL
8405,ARG
8406,BEL
8407,ARG
8408,POR
8409,POR
8410,MEX
8411,GER
8412,GER
8413,FRA
8414,FRA
8415,BEL
8416,BRA
8417,COL
8418,ARG
8419,POR
8420,ENG
8421,FRA
8422,KOR
8423,RUS
8424,DEN
8425,BEL
8426,COL
8427,SUI
8428,GER
8429,ARG
8430,CRC
8431,DEN
8432,BRA
8433,POL
8434,BRA
8435,SEN
8436,SRB
8437,KSA
8438,RUS
8439,SUI
8440,SWE
8441,RUS
8442,GER
8443,RUS
8444,ENG
8445,KSA
8446,SUI
8447,BRA
8448,BRA
8449,BEL
8450,GER
8451,ENG
8452,ARG
8453,ARG
8454,ARG
8455,SWE
8456,BRA
8457,FRA
8458,ARG
8459,ENG
8460,RUS
8461,POR
8462,POR
8463,ESP
8464,SUI
8465,GER
8466,GER
8467,GER
8468,KOR
8469,POR
8470,SUI
8471,MEX
8472,CRO
8473,ESP
8474,RUS
8475,GER
8476,BEL
8477,PAN
8478,SUI
8479,ENG
8480,ESP
8481,BRA
8482,SWE
8483,POR
8484,ARG
8485,POR
8486,CRO
8487,ESP
8488,ESP
8489,FRA
8490,GER
8491,BRA
8492,RUS
8493,RUS
8494,COL
8495,ENG
8496,ARG
8497,ENG
8498,RUS
8499,KSA
8500,CRO
8501,MEX
8502,SUI
8503,SUI
8504,BEL
8505,SWE
8506,BEL
8507,URU
8508,ARG
8509,GER
8510,SUI
8511,GER
8512,BRA
8513,ARG
8514,COL
8515,ESP
8516,ARG
8517,POL
8518,FRA
8519,BRA
8520,RUS
8521,ESP
8522,BEL
8523,ARG
8524,ESP
8525,ARG
8526,BRA
8527,SUI
8528,BRA
8529,ENG
8530,BEL
8531,KOR
8532,BRA
8533,POR
8534,ESP
8535,SRB
8536,KOR
8537,FRA
8538,RUS
8539,URU
8540,DEN
8541,FRA
8542,FRA
8543,POR
8544,JPN
8545,BRA
8546,AUS
8547,BRA
8548,CRO
8549,URU
8550,ESP
8551,ARG
8552,POR
8553,BRA
8554,JPN
8555,BEL
8556,POR
8557,ARG
8558,URU
8559,GER
8560,COL
8561,BRA
8562,DEN
8563,RUS
8564,POR
8565,FRA
8566,ENG
8567,GER
8568,ESP
8569,ARG
8570,ARG
8571,ARG
8572,RUS
8573,ENG
8574,POR
8575,BEL
8576,ENG
8577,ARG
8578,IRN
8579,GER
8580,POR
8581,MEX
8582,GER
8583,CRC
8584,ARG
8585,POR
8586,BRA
8587,ARG
8588,ARG
8589,AUS
8590,NGA
8591,GER
8592,KSA
8593,AUS
8594,KSA
8595,GER
8596,BRA
8597,POR
8598,GER
8599,ENG
8600,BEL
8601,ENG
8602,SRB
8603,ARG
8604,POR
8605,ARG
8606,BRA
8607,RUS
8608,POR
8609,RUS
8610,POR
8611,POR
8612,BRA
8613,COL
8614,RUS
8615,POR
8616,GER
8617,BRA
8618,POL
8619,BRA
8620,ARG
8621,ESP
8622,BRA
8623,BRA
8624,POR
8625,GER
8626,MEX
8627,FRA
8628,SWE
8629,BRA
8630,CRO
8631,CRO
8632,BRA
8633,ENG
8634,CRO
8635,ENG
8636,ENG
8637,GER
8638,BEL
8639,BRA
8640,KSA
8641,ESP
8642,POL
8643,FRA
8644,FRA
8645,SRB
8646,BRA
8647,GER
8648,GER
8649,SUI
8650,ARG
8651,BRA
8652,ARG
8653,MEX
8654,ESP
8655,BEL
8656,ARG
8657,DEN
8658,ENG
8659,BRA
8660,ENG
8661,RUS
8662,SUI
8663,ESP
8664,BRA
8665,GER
8666,JPN
8667,GER
8668,BRA
8669,CRO
8670,ARG
8671,ARG
8672,GER
8673,BRA
8674,MEX
8675,RUS
8676,ARG
8677,BEL
8678,BRA
8679,SWE
8680,RUS
8681,SUI
8682,SUI
8683,FRA
8684,RUS
8685,BRA
8686,SUI
8687,FRA
8688,ARG
8689,ARG
8690,BRA
8691,FRA
8692,BRA
8693,ESP
8694,ARG
8695,POR
8696,BRA
8697,POR
8698,BRA
8699,GER
8700,ENG
8701,ESP
8702,SWE
8703,POR
8704,FRA
8705,MEX
8706,DEN
8707,BRA
8708,POR
8709,BRA
8710,ARG
8711,GER
8712,KOR
8713,ARG
8714,POR
8715,BEL
8716,BEL
8717,BEL
8718,BRA
8719,RUS
8720,RUS
8721,ARG
8722,ENG
8723,SUI
8724,ARG
8725,BRA
8726,SUI
8727,POR
8728,ARG
8729,BRA
8730,JPN
8731,TUN
8732,DEN
8733,ARG
8734,ARG
8735,BRA
8736,ARG
8737,SRB
8738,ENG
8739,BEL
8740,FRA
8741,ENG
8742,CRO
8743,BRA
8744,RUS
8745,MEX
8746,CRO
8747,FRA
8748,BEL
8749,MEX
8750,POR
8751,RUS
8752,SUI
8753,ARG
8754,GER
8755,FRA
8756,BRA
8757,RUS
8758,RUS
8759,RUS
8760,BRA
8761,ARG
8762,GER
8763,CRC
8764,POR
8765,SEN
8766,FRA
8767,GER
8768,ESP
8769,RUS
8770,DEN
8771,ENG
8772,BRA
8773,BRA
8774,FRA
8775,ENG
8776,ARG
8777,RUS
8778,BRA
8779,FRA
8780,ENG
8781,ARG
8782,BRA
8783,SUI
8784,BRA
8785,GER
8786,ARG
8787,COL
8788,POR
8789,GER
8790,GER
8791,SEN
8792,SRB
8793,PAN
8794,ARG
8795,POR
8796,POR
8797,URU
8798,BEL
8799,ARG
8800,MAR
8801,CRO
8802,AUS
8803,GER
8804,POL
8805,RUS
8806,ARG
8807,ARG
8808,BEL
8809,SRB
8810,ARG
8811,BEL
8812,GER
8813,KSA
8814,ARG
8815,POR
8816,BRA
8817,ENG
8818,POR
8819,SUI
8820,ESP
8821,RUS
8822,POR
8823,FRA
8824,FRA
8825,BRA
8826,ARG
8827,GER
8828,GER
8829,GER
8830,SUI
8831,SUI
8832,GER
8833,POR
8834,RUS
8835,GER
8836,FRA
8837,ESP
8838,ARG
8839,ARG
8840,CRO
8841,TUN
8842,COL
8843,ARG
8844,ISL
8845,SUI
8846,DEN
8847,BRA
8848,SWE
8849,ENG
8850,ARG
8851,CRO
8852,MEX
8853,GER
8854,SUI
8855,BRA
8856,BRA
8857,MEX
8858,DEN
8859,URU
8860,BRA
8861,ESP
8862,BRA
8863,ESP
8864,URU
8865,EGY
8866,ARG
8867,PER
8868,FRA
8869,COL
8870,BRA
8871,RUS
8872,SRB
8873,BRA
8874,POR
8875,ESP
8876,ARG
8877,RUS
8878,ARG
8879,ARG
8880,BRA
8881,SRB
8882,SUI
8883,ESP
8884,POR
8885,POL
8886,ARG
8887,ENG
8888,BRA
8889,RUS
8890,ESP
8891,IRN
8892,GER
8893,CRO
8894,ENG
8895,FRA
8896,COL
8897,ENG
8898,ARG
8899,BRA
8900,CRC
8901,SUI
8902,IRN
8903,ARG
8904,NGA
8905,CRO
8906,SUI
8907,SUI
8908,POR
8909,ARG
8910,CRO
8911,URU
8912,ESP
8913,SWE
8914,BRA
8915,ENG
8916,FRA
8917,ENG
8918,POR
8919,ESP
8920,BEL
8921,ENG
8922,BRA
8923,SUI
8924,BEL
8925,KSA
8926,URU
8927,ARG
8928,ARG
8929,ARG
8930,RUS
8931,RUS
8932,ARG
8933,RUS
8934,GER
8935,ESP
8936,ARG
8937,BRA
8938,SEN
8939,BEL
8940,ARG
8941,ARG
8942,EGY
8943,GER
8944,ARG
8945,BRA
8946,GER
8947,ESP
8948,URU
8949,RUS
8950,ESP
8951,RUS
8952,ARG
8953,SRB
8954,MEX
8955,RUS
8956,BRA
8957,GER
8958,GER
8959,ESP
8960,POR
8961,GER
8962,GER
8963,GER
8964,MEX
8965,ARG
8966,ARG
8967,RUS
8968,SRB
8969,ESP
8970,GER
8971,ARG
8972,CRO
8973,ARG
8974,ARG
8975,CRO
8976,ARG
8977,SWE
8978,RUS
8979,FRA
8980,GER
8981,ARG
8982,CRO
8983,GER
8984,SRB
8985,BEL
8986,RUS
8987,RUS
8988,COL
8989,BEL
8990,JPN
8991,SUI
8992,SWE
8993,CRO
8994,RUS
8995,ARG
8996,TUN
8997,BRA
8998,BRA
8999,GER
9000,RUS
9001,BRA
9002,SUI
9003,ENG
9004,SUI
9005,RUS
9006,BEL
9007,ENG
9008,MEX
9009,ENG
9010,SUI
9011,SUI
9012,BRA
9013,BRA
9014,BRA
9015,COL
9016,POR
9017,CRO
9018,ESP
9019,URU
9020,ENG
9021,ENG
9022,ENG
9023,ARG
9024,RUS
9025,SUI
9026,IRN
9027,ARG
9028,GER
9029,ARG
9030,POR
9031,FRA
9032,FRA
9033,SUI
9034,KOR
9035,AUS
9036,POR
9037,POR
9038,ARG
9039,SRB
9040,SUI
9041,RUS
9042,DEN
9043,AUS
9044,ESP
9045,POR
9046,SUI
9047,BRA
9048,BEL
9049,BRA
9050,ARG
9051,BRA
9052,SUI
9053,BRA
9054,RUS
9055,ESP
9056,ARG
9057,RUS
9058,GER
9059,JPN
9060,ARG
9061,POL
9062,SWE
9063,ARG
9064,FRA
9065,POR
9066,RUS
9067,ESP
9068,ARG
9069,SRB
9070,RUS
9071,ENG
9072,GER
9073,BEL
9074,RUS
9075,ARG
9076,GER
9077,FRA
9078,FRA
9079,ESP
9080,SUI
9081,ESP
9082,RUS
9083,RUS
9084,ARG
9085,BRA
9086,GER
9087,GER
9088,ARG
9089,SUI
9090,ESP
9091,RUS
9092,GER
9093,RUS
9094,ENG
9095,ESP
9096,POR
9097,FRA
9098,GER
9099,BRA
9100,FRA
9101,FRA
9102,COL
9103,DEN
9104,ENG
9105,COL
9106,CRC
9107,ENG
9108,GER
9109,POR
9110,RUS
9111,GER
9112,GER
9113,ENG
9114,GER
9115,SUI
9116,BEL
9117,GER
9118,ARG
9119,COL
9120,KSA
9121,BEL
9122,MEX
9123,SUI
9124,BRA
9125,ENG
9126,BEL
9127,BEL
9128,SUI
9129,GER
9130,COL
9131,FRA
9132,FRA
9133,ESP
9134,RUS
9135,ENG
9136,BRA
9137,BRA
9138,RUS
9139,RUS
9140,KSA
9141,FRA
9142,ISL
9143,BRA
9144,POR
9145,ARG
9146,SRB
9147,BRA
9148,BRA
9149,BEL
9150,ARG
9151,RUS
9152,TUN
9153,SWE
9154,SRB
9155,DEN
9156,SUI
9157,ARG
9158,MEX
9159,DEN
9160,BRA
9161,ESP
9162,POL
9163,ENG
9164,ARG
9165,COL
9166,COL
9167,ARG
9168,ARG
9169,POL
9170,SRB
9171,ARG
9172,IRN
9173,BEL
9174,ESP
9175,BRA
9176,FRA
9177,RUS
9178,FRA
9179,BRA
9180,RUS
9181,ENG
9182,BRA
9183,BRA
9184,SUI
9185,RUS
9186,FRA
9187,FRA
9188,ENG
9189,KSA
9190,BEL
9191,AUS
9192,FRA
9193,SUI
9194,ESP
9195,POR
9196,ARG
9197,RUS
9198,ARG
9199,ENG
9200,ARG
9201,BEL
9202,COL
9203,ENG
9204,ARG
9205,IRN
9206,ARG
9207,ENG
9208,FRA
9209,KOR
9210,BEL
9211,RUS
9212,DEN
9213,SUI
9214,ARG
9215,RUS
9216,POL
9217,FRA
9218,POR
9219,GER
9220,ENG
9221,MEX
9222,URU
9223,ESP
9224,GER
9225,IRN
9226,ARG
9227,RUS
9228,BEL
9229,ESP
9230,BEL
9231,GER
9232,ESP
9233,SUI
9234,SRB
9235,SUI
9236,POL
9237,GER
9238,SUI
9239,RUS
9240,GER
9241,SUI
9242,BRA
9243,ARG
9244,ENG
9245,NGA
9246,ARG
9247,ARG
9248,POR
9249,SUI
9250,COL
9251,POR
9252,BEL
9253,ENG
9254,ESP
9255,POR
9256,ARG
9257,POR
9258,ARG
9259,POR
9260,ENG
9261,ARG
9262,CRO
9263,MEX
9264,ARG
9265,ARG
9266,DEN
9267,ESP
9268,DEN
9269,ARG
9270,RUS
9271,GER
9272,BEL
9273,SRB
9274,GER
9275,GER
9276,FRA
9277,RUS
9278,BRA
9279,SUI
9280,ESP
9281,POR
9282,POR
9283,GER
9284,SUI
9285,ARG
9286,ENG
9287,FRA
9288,POL
9289,IRN
9290,ARG
9291,BRA
9292,FRA
9293,POR
9294,ENG
9295,GER
9296,ENG
9297,KOR
9298,GER
9299,KOR
9300,GER
9301,GER
9302,COL
9303,BRA
9304,SUI
9305,BRA
9306,ARG
9307,SUI
9308,ARG
9309,ENG
9310,FRA
9311,NGA
9312,BRA
9313,GER
9314,SEN
9315,ARG
9316,RUS
9317,POL
9318,CRO
9319,IRN
9320,FRA
9321,EGY
9322,BEL
9323,CRC
9324,KSA
9325,GER
9326,POR
9327,FRA
9328,AUS
9329,COL
9330,FRA
9331,ESP
9332,MEX
9333,DEN
9334,JPN
9335,JPN
9336,ESP
9337,JPN
9338,SEN
9339,BRA
9340,ESP
9341,GER
9342,COL
9343,SUI
9344,BRA
9345,SRB
9346,TUN
9347,DEN
9348,ARG
9349,POL
9350,GER
9351,ARG
9352,BRA
9353,RUS
9354,POL
9355,RUS
9356,GER
9357,ENG
9358,ARG
9359,ARG
9360,POR
9361,BRA
9362,BEL
9363,ARG
9364,MEX
9365,POR
9366,BRA
9367,BRA
9368,URU
9369,ARG
9370,SWE
9371,RUS
9372,POR
9373,RUS
9374,FRA
9375,RUS
9376,ARG
9377,FRA
9378,POR
9379,IRN
9380,COL
9381,SUI
9382,ESP
9383,RUS
9384,FRA
9385,ARG
9386,FRA
9387,ESP
9388,SUI
9389,IRN
9390,ESP
9391,BRA
9392,GER
9393,GER
9394,RUS
9395,KSA
9396,BRA
9397,ENG
9398,POR
9399,GER
9400,ESP
9401,URU
9402,ARG
9403,ENG
9404,RUS
9405,FRA
9406,ENG
9407,ESP
9408,POR
9409,SUI
9410,RUS
9411,RUS
9412,ARG
9413,ENG
9414,BRA
9415,GER
9416,RUS
9417,URU
9418,BEL
9419,ARG
9420,ARG
9421,SUI
9422,GER
9423,BRA
9424,BRA
9425,SUI
9426,RUS
9427,BRA
9428,SUI
9429,ESP
9430,CRO
9431,BRA
9432,POR
9433,SEN
9434,IRN
9435,FRA
9436,SUI
9437,ESP
9438,BRA
9439,BRA
9440,SUI
9441,POR
9442,BRA
9443,CRC
9444,GER
9445,RUS
9446,BRA
9447,BRA
9448,BEL
9449,KSA
9450,GER
9451,ARG
9452,SUI
9453,ARG
9454,RUS
9455,BRA
9456,KOR
9457,BEL
9458,GER
9459,GER
9460,BRA
9461,FRA
9462,FRA
9463,ARG
9464,RUS
9465,BRA
9466,SRB
9467,BRA
9468,DEN
9469,RUS
9470,ENG
9471,BEL
9472,DEN
9473,DEN
9474,FRA
9475,GER
9476,GER
9477,SWE
9478,BRA
9479,RUS
9480,POR
9481,BRA
9482,POL
9483,COL
9484,ENG
9485,BRA
9486,GER
9487,POR
9488,FRA
9489,GER
9490,GER
9491,POR
9492,ENG
9493,COL
9494,SUI
9495,TUN
9496,ENG
9497,GER
9498,RUS
9499,RUS
9500,ARG
9501,BEL
9502,ENG
9503,BRA
9504,POR
9505,BRA
9506,GER
9507,BRA
9508,RUS
9509,ENG
9510,SUI
9511,ESP
9512,ARG
9513,ARG
9514,GER
9515,SUI
9516,CRO
9517,ARG
9518,SRB
9519,POR
9520,BRA
9521,BRA
9522,CRC
9523,BRA
9524,BRA
9525,POL
9526,BEL
9527,BRA
9528,AUS
9529,RUS
9530,ESP
9531,ESP
9532,GER
9533,POR
9534,PAN
9535,FRA
9536,ESP
9537,RUS
9538,ARG
9539,RUS
9540,RUS
9541,ESP
9542,ARG
9543,ESP
9544,ARG
9545,AUS
9546,COL
9547,ENG
9548,ESP
9549,ENG
9550,COL
9551,GER
9552,ESP
9553,POL
9554,POR
9555,RUS
9556,CRO
9557,ARG
9558,ARG
9559,ARG
9560,ARG
9561,RUS
9562,GER
9563,CRO
9564,GER
9565,SUI
9566,ENG
9567,POR
9568,FRA
9569,FRA
9570,RUS
9571,FRA
9572,ARG
9573,RUS
9574,POR
9575,CRO
9576,POR
9577,RUS
9578,CRO
9579,SRB
9580,ARG
9581,BRA
9582,BRA
9583,POR
9584,ARG
9585,KOR
9586,BRA
9587,ENG
9588,KOR
9589,ISL
9590,BRA
9591,BRA
9592,SRB
9593,IRN
9594,BRA
9595,ARG
9596,FRA
9597,BRA
9598,CRO
9599,SUI
9600,SUI
9601,ENG
9602,GER
9603,DEN
9604,ENG
9605,ARG
9606,ARG
9607,GER
9608,BRA
9609,RUS
9610,ARG
9611,RUS
9612,POR
9613,BEL
9614,POR
9615,ARG
9616,ENG
9617,ESP
9618,KSA
9619,ENG
9620,BRA
9621,SEN
9622,RUS
9623,URU
9624,SUI
9625,FRA
9626,GER
9627,RUS
9628,SUI
9629,SUI
9630,ESP
9631,SWE
9632,GER
9633,COL
9634,GER
9635,URU
9636,GER
9637,BRA
9638,ARG
9639,GER
9640,POR
9641,ARG
9642,DEN
9643,ENG
9644,ARG
9645,BRA
9646,ARG
9647,BRA
9648,SUI
9649,KSA
9650,RUS
9651,DEN
9652,JPN
9653,ARG
9654,CRO
9655,RUS
9656,ESP
9657,URU
9658,BRA
9659,GER
9660,CRO
9661,POL
9662,POR
9663,BRA
9664,BRA
9665,SUI
9666,COL
9667,COL
9668,ARG
9669,CRO
9670,ESP
9671,BRA
9672,BRA
9673,SUI
9674,COL
9675,ESP
9676,RUS
9677,GER
9678,ESP
9679,BEL
9680,ARG
9681,GER
9682,RUS
9683,TUN
9684,ENG
9685,FRA
9686,ARG
9687,ENG
9688,BRA
9689,BRA
9690,ENG
9691,RUS
9692,FRA
9693,POR
9694,ESP
9695,POR
9696,GER
9697,POR
9698,URU
9699,POR
9700,FRA
9701,BEL
9702,GER
9703,BRA
9704,CRO
9705,FRA
9706,BRA
9707,ENG
9708,SUI
9709,SUI
9710,BEL
9711,ARG
9712,BRA
9713,ENG
9714,ESP
9715,CRO
9716,CRO
9717,DEN
9718,FRA
9719,ESP
9720,ESP
9721,RUS
9722,ARG
9723,RUS
9724,ARG
9725,POR
9726,BRA
9727,ENG
9728,RUS
9729,ARG
9730,AUS
9731,GER
9732,BRA
9733,RUS
9734,RUS
9735,BRA
9736,GER
9737,BEL
9738,SRB
9739,ARG
9740,BEL
9741,BEL
9742,BRA
9743,AUS
9744,BRA
9745,RUS
9746,JPN
9747,BRA
9748,ARG
9749,RUS
9750,SUI
9751,ESP
9752,CRO
9753,BRA
9754,ESP
9755,FRA
9756,RUS
9757,FRA
9758,DEN
9759,ARG
9760,BRA
9761,RUS
9762,ENG
9763,IRN
9764,GER
9765,GER
9766,BRA
9767,ESP
9768,COL
9769,POR
9770,SRB
9771,GER
9772,ARG
9773,ARG
9774,POR
9775,RUS
9776,FRA
9777,COL
9778,ARG
9779,CRO
9780,CRO
9781,FRA
9782,FRA
9783,ARG
9784,BRA
9785,BEL
9786,GER
9787,BEL
9788,FRA
9789,ENG
9790,FRA
9791,GER
9792,BEL
9793,RUS
9794,RUS
9795,DEN
9796,BRA
9797,BEL
9798,ESP
9799,BEL
9800,BRA
9801,GER
9802,ENG
9803,ARG
9804,POR
9805,IRN
9806,SUI
9807,FRA
9808,ARG
9809,CRO
9810,BRA
9811,ARG
9812,ENG
9813,ENG
9814,BRA
9815,BRA
9816,SUI
9817,ARG
9818,GER
9819,DEN
9820,BRA
9821,RUS
9822,ARG
9823,ARG
9824,ENG
9825,SRB
9826,ENG
9827,ESP
9828,ENG
9829,RUS
9830,FRA
9831,ARG
9832,ARG
9833,BRA
9834,CRO
9835,BRA
9836,TUN
9837,RUS
9838,BRA
9839,BRA
9840,ARG
9841,SUI
9842,RUS
9843,IRN
9844,CRO
9845,GER
9846,CRO
9847,COL
9848,BEL
9849,NGA
9850,JPN
9851,GER
9852,GER
9853,GER
9854,SWE
9855,ENG
9856,SUI
9857,FRA
9858,ENG
9859,URU
9860,ENG
9861,MEX
9862,BEL
9863,RUS
9864,POR
9865,FRA
9866,ENG
9867,POR
9868,BEL
9869,AUS
9870,BRA
9871,RUS
9872,ENG
9873,POR
9874,DEN
9875,POR
9876,FRA
9877,RUS
9878,PAN
9879,POL
9880,ARG
9881,BRA
9882,SUI
9883,ESP
9884,GER
9885,ARG
9886,GER
9887,SUI
9888,PER
9889,ARG
9890,FRA
9891,GER
9892,ENG
9893,DEN
9894,RUS
9895,BRA
9896,BRA
9897,ENG
9898,CRO
9899,RUS
9900,ESP
9901,BRA
9902,BRA
9903,ARG
9904,ENG
9905,FRA
9906,ESP
9907,BRA
9908,SUI
9909,BRA
9910,ARG
9911,POR
9912,ENG
9913,GER
9914,POR
9915,RUS
9916,GER
9917,BRA
9918,ESP
9919,SWE
9920,FRA
9921,ENG
9922,DEN
9923,RUS
9924,GER
9925,SRB
9926,SUI
9927,TUN
9928,DEN
9929,BRA
9930,ARG
9931,FRA
9932,SUI
9933,FRA
9934,TUN
9935,BEL
9936,SUI
9937,DEN
9938,ARG
9939,MEX
9940,RUS
9941,GER
9942,ARG
9943,SUI
9944,ESP
9945,NGA
9946,ARG
9947,ARG
9948,ENG
9949,CRC
9950,ARG
9951,ARG
9952,ESP
9953,CRO
9954,CRO
9955,BEL
9956,GER
9957,AUS
9958,ENG
9959,RUS
9960,ENG
9961,ARG
9962,ENG
9963,GER
9964,ENG
9965,POR
9966,ENG
9967,SUI
9968,POR
9969,BEL
9970,RUS
9971,CRO
9972,GER
9973,RUS
9974,SRB
9975,POL
9976,CRO
9977,SUI
9978,BRA
9979,POR
9980,FRA
9981,RUS
9982,BRA
9983,ESP
9984,FRA
9985,BRA
9986,BRA
9987,GER
9988,FRA
9989,SRB
9990,CRC
9991,DEN
9992,ARG
9993,SUI
9994,JPN
9995,BRA
9996,RUS
9997,URU
9998,POR
9999,GER
10000,ESP
